intent_id,frequency,runtime_module,source_index,source_module,group,name_en,name_ru,intended_path,generated_modules,generated_rows,generated_enabled_rows,button_ids,actions,resolution_statuses,installed_by_catalog_ref,installed_button_id_matches,runtime_readiness
nx2512-00-L0025,K5,global,0,Gateway / общая работа с NX,Файл и сессия,New,Создать файл,F>P>N>E,assembly|drafting|inspect_view|manufacturing|modeling|mold|pmi|reuse|routing|sheet_metal|simulation|sketch|surface,13,13,UG_FILE_NEW,execute_command,resolved,no,,compiled_enabled_not_installed_in_managed_runtime
nx2512-00-L0026,K5,global,0,Gateway / общая работа с NX,Файл и сессия,Open,Открыть,F>P>O>P,assembly|drafting|inspect_view|manufacturing|modeling|mold|pmi|reuse|routing|sheet_metal|simulation|sketch|surface,13,13,UG_FILE_OPEN,execute_command,resolved,no,,compiled_enabled_not_installed_in_managed_runtime
nx2512-00-L0027,K3,global,0,Gateway / общая работа с NX,Файл и сессия,Close,Закрыть,F>P>C>L,assembly|drafting|inspect_view|manufacturing|modeling|mold|pmi|reuse|routing|sheet_metal|simulation|sketch|surface,13,0,,execute_command,unresolved,no,,blocked_unresolved_disabled
nx2512-00-L0028,K3,global,0,Gateway / общая работа с NX,Файл и сессия,Close All,Закрыть все,F>P>C>A,assembly|drafting|inspect_view|manufacturing|modeling|mold|pmi|reuse|routing|sheet_metal|simulation|sketch|surface,13,0,,execute_command,unresolved,no,,blocked_unresolved_disabled
nx2512-00-L0029,K5,global,0,Gateway / общая работа с NX,Файл и сессия,Save,Сохранить,F>P>S>V,assembly|drafting|inspect_view|manufacturing|modeling|mold|pmi|reuse|routing|sheet_metal|simulation|sketch|surface,13,13,UG_FILE_SAVE_PART,execute_command,resolved,no,,compiled_enabled_not_installed_in_managed_runtime
nx2512-00-L0030,K3,global,0,Gateway / общая работа с NX,Файл и сессия,Save As,Сохранить как,F>P>S>A,assembly|drafting|inspect_view|manufacturing|modeling|mold|pmi|reuse|routing|sheet_metal|simulation|sketch|surface,13,13,UG_FILE_SAVE_AS,execute_command,resolved,no,,compiled_enabled_not_installed_in_managed_runtime
nx2512-00-L0031,K3,global,0,Gateway / общая работа с NX,Файл и сессия,Save All,Сохранить все,F>P>S>E,assembly|drafting|inspect_view|manufacturing|modeling|mold|pmi|reuse|routing|sheet_metal|simulation|sketch|surface,13,13,UG_FILE_SAVE_PART,execute_command,resolved,no,,compiled_enabled_not_installed_in_managed_runtime
nx2512-00-L0032,K3,global,0,Gateway / общая работа с NX,Файл и сессия,Reopen,Повторно открыть,F>P>R>E,assembly|drafting|inspect_view|manufacturing|modeling|mold|pmi|reuse|routing|sheet_metal|simulation|sketch|surface,13,0,,execute_command,unresolved,no,,blocked_unresolved_disabled
nx2512-00-L0033,K3,global,0,Gateway / общая работа с NX,Файл и сессия,Part Cleanup,Очистка детали,F>P>P>C,assembly|drafting|inspect_view|manufacturing|modeling|mold|pmi|reuse|routing|sheet_metal|simulation|sketch|surface,13,0,,execute_command,unresolved,no,,blocked_unresolved_disabled
nx2512-00-L0034,K3,global,0,Gateway / общая работа с NX,Файл и сессия,Properties,Свойства,F>P>P>R,assembly|drafting|inspect_view|manufacturing|modeling|mold|pmi|reuse|routing|sheet_metal|simulation|sketch|surface,13,0,,execute_command,unresolved,no,,blocked_unresolved_disabled
nx2512-00-L0035,K3,global,0,Gateway / общая работа с NX,Файл и сессия,Print,Печать,F>P>P>P,assembly|drafting|inspect_view|manufacturing|modeling|mold|pmi|reuse|routing|sheet_metal|simulation|sketch|surface,13,0,,execute_command,unresolved,no,,blocked_unresolved_disabled
nx2512-00-L0036,K4,global,0,Gateway / общая работа с NX,Файл и сессия,Export,Экспорт,F>P>E>X,assembly|drafting|inspect_view|manufacturing|modeling|mold|pmi|reuse|routing|sheet_metal|simulation|sketch|surface,13,0,,execute_command,unresolved,no,,blocked_unresolved_disabled
nx2512-00-L0037,K4,global,0,Gateway / общая работа с NX,Файл и сессия,Import,Импорт,F>P>I>M,assembly|drafting|inspect_view|manufacturing|modeling|mold|pmi|reuse|routing|sheet_metal|simulation|sketch|surface,13,0,,execute_command,unresolved,no,,blocked_unresolved_disabled
nx2512-00-L0038,K3,global,0,Gateway / общая работа с NX,Файл и сессия,Recently Opened Parts,Недавние файлы,F>P>R>O,assembly|drafting|inspect_view|manufacturing|modeling|mold|pmi|reuse|routing|sheet_metal|simulation|sketch|surface,13,0,,execute_command,unresolved,no,,blocked_unresolved_disabled
nx2512-00-L0039,K3,global,0,Gateway / общая работа с NX,Файл и сессия,Switch Window,Переключить окно,F>P>S>W,assembly|drafting|inspect_view|manufacturing|modeling|mold|pmi|reuse|routing|sheet_metal|simulation|sketch|surface,13,0,,execute_command,unresolved,no,,blocked_unresolved_disabled
nx2512-00-L0040,K3,global,0,Gateway / общая работа с NX,Файл и сессия,Exit,Выход,F>P>E>E,assembly|drafting|inspect_view|manufacturing|modeling|mold|pmi|reuse|routing|sheet_metal|simulation|sketch|surface,13,0,,execute_command,unresolved,no,,blocked_unresolved_disabled
nx2512-00-L0043,K5,global,0,Gateway / общая работа с NX,Редактирование,Undo,Отменить,E>F>U>N,assembly|drafting|inspect_view|manufacturing|modeling|mold|pmi|reuse|routing|sheet_metal|simulation|sketch|surface,13,13,UG_EDIT_UNDO,execute_command,resolved,no,,compiled_enabled_not_installed_in_managed_runtime
nx2512-00-L0044,K5,global,0,Gateway / общая работа с NX,Редактирование,Redo,Повторить,E>F>R>D,assembly|drafting|inspect_view|manufacturing|modeling|mold|pmi|reuse|routing|sheet_metal|simulation|sketch|surface,13,13,UG_EDIT_REDO,execute_command,resolved,no,,compiled_enabled_not_installed_in_managed_runtime
nx2512-00-L0045,K3,global,0,Gateway / общая работа с NX,Редактирование,Cut,Вырезать,E>F>C>T,assembly|drafting|inspect_view|manufacturing|modeling|mold|pmi|reuse|routing|sheet_metal|simulation|sketch|surface,13,13,UG_EDIT_CUT,execute_command,resolved,no,,compiled_enabled_not_installed_in_managed_runtime
nx2512-00-L0046,K3,global,0,Gateway / общая работа с NX,Редактирование,Copy,Копировать,T>F>C>P,assembly|drafting|inspect_view|manufacturing|modeling|mold|pmi|reuse|routing|sheet_metal|simulation|sketch|surface,13,13,UG_EDIT_COPY,execute_command,resolved,no,,compiled_enabled_not_installed_in_managed_runtime
nx2512-00-L0047,K3,global,0,Gateway / общая работа с NX,Редактирование,Paste,Вставить,E>F>P>S,assembly|drafting|inspect_view|manufacturing|modeling|mold|pmi|reuse|routing|sheet_metal|simulation|sketch|surface,13,13,UG_EDIT_PASTE,execute_command,resolved,no,,compiled_enabled_not_installed_in_managed_runtime
nx2512-00-L0048,K3,global,0,Gateway / общая работа с NX,Редактирование,Paste Special,Специальная вставка,E>F>P>A,assembly|drafting|inspect_view|manufacturing|modeling|mold|pmi|reuse|routing|sheet_metal|simulation|sketch|surface,13,13,UG_EDIT_PASTE,execute_command,resolved,no,,compiled_enabled_not_installed_in_managed_runtime
nx2512-00-L0049,K5,global,0,Gateway / общая работа с NX,Редактирование,Delete,Удалить,X>F>D>L,assembly|drafting|inspect_view|manufacturing|modeling|mold|pmi|reuse|routing|sheet_metal|simulation|sketch|surface,13,13,UG_EDIT_DELETE,execute_command,resolved,no,,compiled_enabled_not_installed_in_managed_runtime
nx2512-00-L0050,K3,global,0,Gateway / общая работа с NX,Редактирование,Rename,Переименовать,E>F>R>E,assembly|drafting|inspect_view|manufacturing|modeling|mold|pmi|reuse|routing|sheet_metal|simulation|sketch|surface,13,0,,execute_command,unresolved,no,,blocked_unresolved_disabled
nx2512-00-L0051,K3,global,0,Gateway / общая работа с NX,Редактирование,Object Properties,Свойства объекта,M>F>O>P,assembly|drafting|inspect_view|manufacturing|modeling|mold|pmi|reuse|routing|sheet_metal|simulation|sketch|surface,13,0,,execute_command,unresolved,no,,blocked_unresolved_disabled
nx2512-00-L0052,K4,global,0,Gateway / общая работа с NX,Редактирование,Edit Parameters,Изменить параметры,E>F>E>P,assembly|drafting|inspect_view|manufacturing|modeling|mold|pmi|reuse|routing|sheet_metal|simulation|sketch|surface,13,0,,execute_command,unresolved,no,,blocked_unresolved_disabled
nx2512-00-L0053,K4,global,0,Gateway / общая работа с NX,Редактирование,Edit with Rollback,Редактировать с откатом,E>F>E>R,assembly|drafting|inspect_view|manufacturing|modeling|mold|pmi|reuse|routing|sheet_metal|simulation|sketch|surface,13,0,,execute_command,unresolved,no,,blocked_unresolved_disabled
nx2512-00-L0054,K3,global,0,Gateway / общая работа с NX,Редактирование,Suppress,Подавить,X>F>S>U,assembly|drafting|inspect_view|manufacturing|modeling|mold|pmi|reuse|routing|sheet_metal|simulation|sketch|surface,13,0,,execute_command,unresolved,no,,blocked_unresolved_disabled
nx2512-00-L0055,K3,global,0,Gateway / общая работа с NX,Редактирование,Unsuppress,Восстановить,X>F>U>N,assembly|drafting|inspect_view|manufacturing|modeling|mold|pmi|reuse|routing|sheet_metal|simulation|sketch|surface,13,0,,execute_command,unresolved,no,,blocked_unresolved_disabled
nx2512-00-L0056,K3,global,0,Gateway / общая работа с NX,Редактирование,Reorder,Изменить порядок,T>F>R>E,assembly|drafting|inspect_view|manufacturing|modeling|mold|pmi|reuse|routing|sheet_metal|simulation|sketch|surface,13,0,,execute_command,unresolved,no,,blocked_unresolved_disabled
nx2512-00-L0057,K4,global,0,Gateway / общая работа с NX,Редактирование,Make Current Feature,Сделать текущим элементом,E>F>M>C,assembly|drafting|inspect_view|manufacturing|modeling|mold|pmi|reuse|routing|sheet_metal|simulation|sketch|surface,13,13,UG_SEL_FEATURE_PRIORITY,set_selection_filter,(none),no,UG_SEL_FEATURE_PRIORITY,button_id_present_in_bootstrap_runtime_but_not_traceable_to_885
nx2512-00-L0060,K3,global,0,Gateway / общая работа с NX,Выбор,Select All,Выбрать всё,S>A>S>A,assembly|drafting|inspect_view|manufacturing|modeling|mold|pmi|reuse|routing|sheet_metal|simulation|sketch|surface,13,13,UG_SEL_SELECT_ALL,set_selection_filter,(none),no,UG_SEL_SELECT_ALL,button_id_present_in_bootstrap_runtime_but_not_traceable_to_885
nx2512-00-L0061,K5,global,0,Gateway / общая работа с NX,Выбор,Clear Selection,Снять выбор,S>S>C>S,assembly|drafting|inspect_view|manufacturing|modeling|mold|pmi|reuse|routing|sheet_metal|simulation|sketch|surface,13,13,UG_APP_GATEWAY,execute_command,resolved,no,,compiled_enabled_not_installed_in_managed_runtime
nx2512-00-L0062,K3,global,0,Gateway / общая работа с NX,Выбор,Invert Selection,Инвертировать,S>S>I>S,assembly|drafting|inspect_view|manufacturing|modeling|mold|pmi|reuse|routing|sheet_metal|simulation|sketch|surface,13,13,UG_APP_GATEWAY,execute_command,resolved,no,,compiled_enabled_not_installed_in_managed_runtime
nx2512-00-L0063,K3,global,0,Gateway / общая работа с NX,Выбор,Select Similar Faces/Edges,Выбрать похожие грани или рёбра,S>F>S>S,assembly|drafting|inspect_view|manufacturing|modeling|mold|pmi|reuse|routing|sheet_metal|simulation|sketch|surface,13,0,,execute_command,unresolved,no,,blocked_unresolved_disabled
nx2512-00-L0064,K5,global,0,Gateway / общая работа с NX,Выбор,Selection Filter,Фильтр выбора,S>S>S>F,assembly|drafting|inspect_view|manufacturing|modeling|mold|pmi|reuse|routing|sheet_metal|simulation|sketch|surface,13,0,,execute_command,ambiguous,no,,blocked_ambiguous_disabled
nx2512-00-L0065,K3,global,0,Gateway / общая работа с NX,Выбор,Selection Scope,Область выбора,S>S>S>S,assembly|drafting|inspect_view|manufacturing|modeling|mold|pmi|reuse|routing|sheet_metal|simulation|sketch|surface,13,13,UG_APP_GATEWAY,execute_command,resolved,no,,compiled_enabled_not_installed_in_managed_runtime
nx2512-00-L0066,K3,global,0,Gateway / общая работа с NX,Выбор,Select Connected,Связанный выбор,S>S>S>C,assembly|drafting|inspect_view|manufacturing|modeling|mold|pmi|reuse|routing|sheet_metal|simulation|sketch|surface,13,0,,execute_command,unresolved,no,,blocked_unresolved_disabled
nx2512-00-L0067,K3,global,0,Gateway / общая работа с NX,Выбор,Select Tangent Faces,Касательные грани,S>F>S>T,assembly|drafting|inspect_view|manufacturing|modeling|mold|pmi|reuse|routing|sheet_metal|simulation|sketch|surface,13,0,,execute_command,unresolved,no,,blocked_unresolved_disabled
nx2512-00-L0068,K4,global,0,Gateway / общая работа с NX,Выбор,Select Feature,Выбрать элемент,S>T>S>F,assembly|drafting|inspect_view|manufacturing|modeling|mold|pmi|reuse|routing|sheet_metal|simulation|sketch|surface,13,13,UG_SEL_FEATURE_PRIORITY,set_selection_filter,(none),no,UG_SEL_FEATURE_PRIORITY,button_id_present_in_bootstrap_runtime_but_not_traceable_to_885
nx2512-00-L0069,K4,global,0,Gateway / общая работа с NX,Выбор,Select Body,Выбрать тело,S>B>S>B,assembly|drafting|inspect_view|manufacturing|modeling|mold|pmi|reuse|routing|sheet_metal|simulation|sketch|surface,13,13,UG_SEL_BODY_PRIORITY,set_selection_filter,(none),no,UG_SEL_BODY_PRIORITY,button_id_present_in_bootstrap_runtime_but_not_traceable_to_885
nx2512-00-L0070,K4,global,0,Gateway / общая работа с NX,Выбор,Select Component,Выбрать компонент,S>C>S>C,assembly|drafting|inspect_view|manufacturing|modeling|mold|pmi|reuse|routing|sheet_metal|simulation|sketch|surface,13,13,UG_SEL_COMPONENT_PRIORITY,set_selection_filter,(none),no,UG_SEL_COMPONENT_PRIORITY,button_id_present_in_bootstrap_runtime_but_not_traceable_to_885
nx2512-00-L0071,K3,global,0,Gateway / общая работа с NX,Выбор,Class Selection,Выбор по классу,S>S>C>L,assembly|drafting|inspect_view|manufacturing|modeling|mold|pmi|reuse|routing|sheet_metal|simulation|sketch|surface,13,13,UG_APP_GATEWAY,execute_command,resolved,no,,compiled_enabled_not_installed_in_managed_runtime
nx2512-00-L0072,K5,global,0,Gateway / общая работа с NX,Выбор,QuickPick,Быстрый выбор,S>S>Q>U,assembly|drafting|inspect_view|manufacturing|modeling|mold|pmi|reuse|routing|sheet_metal|simulation|sketch|surface,13,0,,execute_command,unresolved,no,,blocked_unresolved_disabled
nx2512-00-L0075,K5,global,0,Gateway / общая работа с NX,Вид и навигация,Fit,Вписать,V>V>F>T,assembly|drafting|inspect_view|manufacturing|modeling|mold|pmi|reuse|routing|sheet_metal|simulation|sketch|surface,13,13,UG_VIEW_FIT,execute_command,(none)|resolved,no,UG_VIEW_FIT,button_id_present_in_bootstrap_runtime_but_not_traceable_to_885
nx2512-00-L0076,K5,global,0,Gateway / общая работа с NX,Вид и навигация,Zoom In/Out,Масштаб,V>V>Z>O,assembly|drafting|inspect_view|manufacturing|modeling|mold|pmi|reuse|routing|sheet_metal|simulation|sketch|surface,13,0,,execute_command,unresolved,no,,blocked_unresolved_disabled
nx2512-00-L0077,K5,global,0,Gateway / общая работа с NX,Вид и навигация,Pan,Панорама,V>V>P>A,assembly|drafting|inspect_view|manufacturing|modeling|mold|pmi|reuse|routing|sheet_metal|simulation|sketch|surface,13,0,,execute_command,unresolved,no,,blocked_unresolved_disabled
nx2512-00-L0078,K5,global,0,Gateway / общая работа с NX,Вид и навигация,Rotate,Вращать вид,T>V>R>O,assembly|drafting|inspect_view|manufacturing|modeling|mold|pmi|reuse|routing|sheet_metal|simulation|sketch|surface,13,0,,execute_command,unresolved,no,,blocked_unresolved_disabled
nx2512-00-L0079,K5,global,0,Gateway / общая работа с NX,Вид и навигация,Orient View,Ориентировать вид,V>V>O>V,assembly|drafting|inspect_view|manufacturing|modeling|mold|pmi|reuse|routing|sheet_metal|simulation|sketch|surface,13,0,,execute_command,unresolved,no,,blocked_unresolved_disabled
nx2512-00-L0080,K5,global,0,Gateway / общая работа с NX,Вид и навигация,Isometric,Изометрия,C>V>I>S,assembly|drafting|inspect_view|manufacturing|modeling|mold|pmi|reuse|routing|sheet_metal|simulation|sketch|surface,13,0,,execute_command,unresolved,no,,blocked_unresolved_disabled
nx2512-00-L0081,K3,global,0,Gateway / общая работа с NX,Вид и навигация,Front,Спереди,C>V>F>R,assembly|drafting|inspect_view|manufacturing|modeling|mold|pmi|reuse|routing|sheet_metal|simulation|sketch|surface,13,0,,execute_command,unresolved,no,,blocked_unresolved_disabled
nx2512-00-L0082,K3,global,0,Gateway / общая работа с NX,Вид и навигация,Back,Сзади,C>V>B>A,assembly|drafting|inspect_view|manufacturing|modeling|mold|pmi|reuse|routing|sheet_metal|simulation|sketch|surface,13,0,,execute_command,unresolved,no,,blocked_unresolved_disabled
nx2512-00-L0083,K3,global,0,Gateway / общая работа с NX,Вид и навигация,Top,Сверху,C>V>T>O,assembly|drafting|inspect_view|manufacturing|modeling|mold|pmi|reuse|routing|sheet_metal|simulation|sketch|surface,13,0,,execute_command,unresolved,no,,blocked_unresolved_disabled
nx2512-00-L0084,K3,global,0,Gateway / общая работа с NX,Вид и навигация,Bottom,Снизу,C>V>B>O,assembly|drafting|inspect_view|manufacturing|modeling|mold|pmi|reuse|routing|sheet_metal|simulation|sketch|surface,13,0,,execute_command,unresolved,no,,blocked_unresolved_disabled
nx2512-00-L0085,K3,global,0,Gateway / общая работа с NX,Вид и навигация,Left,Слева,C>V>L>E,assembly|drafting|inspect_view|manufacturing|modeling|mold|pmi|reuse|routing|sheet_metal|simulation|sketch|surface,13,0,,execute_command,unresolved,no,,blocked_unresolved_disabled
nx2512-00-L0086,K3,global,0,Gateway / общая работа с NX,Вид и навигация,Right,Справа,C>V>R>I,assembly|drafting|inspect_view|manufacturing|modeling|mold|pmi|reuse|routing|sheet_metal|simulation|sketch|surface,13,0,,execute_command,unresolved,no,,blocked_unresolved_disabled
nx2512-00-L0087,K4,global,0,Gateway / общая работа с NX,Вид и навигация,Previous View,Предыдущий вид,V>V>P>V,assembly|drafting|inspect_view|manufacturing|modeling|mold|pmi|reuse|routing|sheet_metal|simulation|sketch|surface,13,0,,execute_command,unresolved,no,,blocked_unresolved_disabled
nx2512-00-L0088,K4,global,0,Gateway / общая работа с NX,Вид и навигация,Named Views,Именованные виды,V>V>N>V,assembly|drafting|inspect_view|manufacturing|modeling|mold|pmi|reuse|routing|sheet_metal|simulation|sketch|surface,13,0,,execute_command,unresolved,no,,blocked_unresolved_disabled
nx2512-00-L0089,K4,global,0,Gateway / общая работа с NX,Вид и навигация,Save View,Сохранить вид,V>V>S>V,assembly|drafting|inspect_view|manufacturing|modeling|mold|pmi|reuse|routing|sheet_metal|simulation|sketch|surface,13,13,UG_FILE_SAVE_PART,execute_command,resolved,no,,compiled_enabled_not_installed_in_managed_runtime
nx2512-00-L0090,K4,global,0,Gateway / общая работа с NX,Вид и навигация,Section View,Динамическое сечение,V>V>S>E,assembly|drafting|inspect_view|manufacturing|modeling|mold|pmi|reuse|routing|sheet_metal|simulation|sketch|surface,13,13,UG_DRAFTING_SECTION_VIEW,execute_command,(none)|resolved,no,UG_DRAFTING_SECTION_VIEW,button_id_present_in_bootstrap_runtime_but_not_traceable_to_885
nx2512-00-L0091,K4,global,0,Gateway / общая работа с NX,Вид и навигация,Clip Section,Отсечение,C>V>C>S,assembly|drafting|inspect_view|manufacturing|modeling|mold|pmi|reuse|routing|sheet_metal|simulation|sketch|surface,13,0,,execute_command,unresolved,no,,blocked_unresolved_disabled
nx2512-00-L0092,K3,global,0,Gateway / общая работа с NX,Вид и навигация,Perspective,Перспектива,V>V>P>E,assembly|drafting|inspect_view|manufacturing|modeling|mold|pmi|reuse|routing|sheet_metal|simulation|sketch|surface,13,0,,execute_command,unresolved,no,,blocked_unresolved_disabled
nx2512-00-L0093,K5,global,0,Gateway / общая работа с NX,Вид и навигация,Hide,Скрыть,V>V>H>I,assembly|drafting|inspect_view|manufacturing|modeling|mold|pmi|reuse|routing|sheet_metal|simulation|sketch|surface,13,0,,execute_command,ambiguous,no,,blocked_ambiguous_disabled
nx2512-00-L0094,K5,global,0,Gateway / общая работа с NX,Вид и навигация,Show,Показать,V>V>S>H,assembly|drafting|inspect_view|manufacturing|modeling|mold|pmi|reuse|routing|sheet_metal|simulation|sketch|surface,13,13,UG_EDIT_MD_SHOWHIDE_ALL,execute_command,(none)|resolved,no,UG_EDIT_MD_SHOWHIDE_ALL,button_id_present_in_bootstrap_runtime_but_not_traceable_to_885
nx2512-00-L0095,K5,global,0,Gateway / общая работа с NX,Вид и навигация,Show Only,Показать только,V>V>S>O,assembly|drafting|inspect_view|manufacturing|modeling|mold|pmi|reuse|routing|sheet_metal|simulation|sketch|surface,13,0,,execute_command,unresolved,no,,blocked_unresolved_disabled
nx2512-00-L0096,K4,global,0,Gateway / общая работа с NX,Вид и навигация,Blank,Погасить,V>V>B>L,assembly|drafting|inspect_view|manufacturing|modeling|mold|pmi|reuse|routing|sheet_metal|simulation|sketch|surface,13,13,UG_EDIT_BLANK_SELECTED,execute_command,(none)|resolved,no,UG_EDIT_BLANK_SELECTED,button_id_present_in_bootstrap_runtime_but_not_traceable_to_885
nx2512-00-L0097,K3,global,0,Gateway / общая работа с NX,Вид и навигация,Unblank,Отобразить,V>V>U>N,assembly|drafting|inspect_view|manufacturing|modeling|mold|pmi|reuse|routing|sheet_metal|simulation|sketch|surface,13,0,,execute_command,unresolved,no,,blocked_unresolved_disabled
nx2512-00-L0098,K3,global,0,Gateway / общая работа с NX,Вид и навигация,Show and Hide,Показать и скрыть,V>V>S>W,assembly|drafting|inspect_view|manufacturing|modeling|mold|pmi|reuse|routing|sheet_metal|simulation|sketch|surface,13,13,UG_EDIT_MD_SHOWHIDE_ALL,execute_command,(none)|resolved,no,UG_EDIT_MD_SHOWHIDE_ALL,button_id_present_in_bootstrap_runtime_but_not_traceable_to_885
nx2512-00-L0099,K3,global,0,Gateway / общая работа с NX,Вид и навигация,Layer Settings,Слои,M>V>L>S,assembly|drafting|inspect_view|manufacturing|modeling|mold|pmi|reuse|routing|sheet_metal|simulation|sketch|surface,13,13,UG_LAYER_SETTINGS,execute_command,(none)|resolved,no,UG_LAYER_SETTINGS,button_id_present_in_bootstrap_runtime_but_not_traceable_to_885
nx2512-00-L0100,K4,global,0,Gateway / общая работа с NX,Вид и навигация,Move to Layer,Переместить на слой,T>V>M>L,assembly|drafting|inspect_view|manufacturing|modeling|mold|pmi|reuse|routing|sheet_metal|simulation|sketch|surface,13,13,UG_LAYER_MOVE,execute_command,(none)|resolved,no,UG_LAYER_MOVE,button_id_present_in_bootstrap_runtime_but_not_traceable_to_885
nx2512-00-L0102,K3,global,0,Gateway / общая работа с NX,Вид и навигация,Wireframe,Каркас,V>V>W>I,assembly|drafting|inspect_view|manufacturing|modeling|mold|pmi|reuse|routing|sheet_metal|simulation|sketch|surface,13,0,,execute_command,unresolved,no,,blocked_unresolved_disabled
nx2512-00-L0103,K3,global,0,Gateway / общая работа с NX,Вид и навигация,Shaded,Закраска,V>V>S>S,assembly|drafting|inspect_view|manufacturing|modeling|mold|pmi|reuse|routing|sheet_metal|simulation|sketch|surface,13,0,,execute_command,unresolved,no,,blocked_unresolved_disabled
nx2512-00-L0104,K3,global,0,Gateway / общая работа с NX,Вид и навигация,Shaded with Edges,Закраска с рёбрами,V>V>S>A,assembly|drafting|inspect_view|manufacturing|modeling|mold|pmi|reuse|routing|sheet_metal|simulation|sketch|surface,13,0,,execute_command,unresolved,no,,blocked_unresolved_disabled
nx2512-00-L0107,K5,global,0,Gateway / общая работа с NX,Измерения и интерфейс,Measure Distance,Измерить расстояние,I>M>M>D,assembly|drafting|inspect_view|manufacturing|modeling|mold|pmi|reuse|routing|sheet_metal|simulation|sketch|surface,13,13,UG_INFO_GEOMETRIC_MEASUREMENT,execute_command,(none)|resolved,no,UG_INFO_GEOMETRIC_MEASUREMENT,button_id_present_in_bootstrap_runtime_but_not_traceable_to_885
nx2512-00-L0108,K4,global,0,Gateway / общая работа с NX,Измерения и интерфейс,Measure Angle,Измерить угол,I>M>M>A,assembly|drafting|inspect_view|manufacturing|modeling|mold|pmi|reuse|routing|sheet_metal|simulation|sketch|surface,13,13,UG_INFO_GEOMETRIC_MEASUREMENT,execute_command,(none)|resolved,no,UG_INFO_GEOMETRIC_MEASUREMENT,button_id_present_in_bootstrap_runtime_but_not_traceable_to_885
nx2512-00-L0109,K4,global,0,Gateway / общая работа с NX,Измерения и интерфейс,Measure Length,Измерить длину,I>M>M>L,assembly|drafting|inspect_view|manufacturing|modeling|mold|pmi|reuse|routing|sheet_metal|simulation|sketch|surface,13,13,UG_INFO_GEOMETRIC_MEASUREMENT,execute_command,(none)|resolved,no,UG_INFO_GEOMETRIC_MEASUREMENT,button_id_present_in_bootstrap_runtime_but_not_traceable_to_885
nx2512-00-L0110,K4,global,0,Gateway / общая работа с NX,Измерения и интерфейс,Measure Area,Измерить площадь,I>M>M>E,assembly|drafting|inspect_view|manufacturing|modeling|mold|pmi|reuse|routing|sheet_metal|simulation|sketch|surface,13,13,UG_INFO_GEOMETRIC_MEASUREMENT,execute_command,(none)|resolved,no,UG_INFO_GEOMETRIC_MEASUREMENT,button_id_present_in_bootstrap_runtime_but_not_traceable_to_885
nx2512-00-L0111,K4,global,0,Gateway / общая работа с NX,Измерения и интерфейс,Measure Body,Измерить тело,I>M>M>B,assembly|drafting|inspect_view|manufacturing|modeling|mold|pmi|reuse|routing|sheet_metal|simulation|sketch|surface,13,0,,execute_command,ambiguous,no,,blocked_ambiguous_disabled
nx2512-00-L0112,K4,global,0,Gateway / общая работа с NX,Измерения и интерфейс,Measure Mass Properties,Массо-инерционные свойства,I>M>M>M,assembly|drafting|inspect_view|manufacturing|modeling|mold|pmi|reuse|routing|sheet_metal|simulation|sketch|surface,13,13,UG_INFO_GEOMETRIC_MEASUREMENT,execute_command,(none)|resolved,no,UG_INFO_GEOMETRIC_MEASUREMENT,button_id_present_in_bootstrap_runtime_but_not_traceable_to_885
nx2512-00-L0113,K4,global,0,Gateway / общая работа с NX,Измерения и интерфейс,Measure Face,Измерить грань,I>M>M>F,assembly|drafting|inspect_view|manufacturing|modeling|mold|pmi|reuse|routing|sheet_metal|simulation|sketch|surface,13,0,,execute_command,ambiguous,no,,blocked_ambiguous_disabled
nx2512-00-L0114,K4,global,0,Gateway / общая работа с NX,Измерения и интерфейс,Measure Minimum Radius,Минимальный радиус,I>M>M>R,assembly|drafting|inspect_view|manufacturing|modeling|mold|pmi|reuse|routing|sheet_metal|simulation|sketch|surface,13,13,UG_INFO_GEOMETRIC_MEASUREMENT,execute_command,(none)|resolved,no,UG_INFO_GEOMETRIC_MEASUREMENT,button_id_present_in_bootstrap_runtime_but_not_traceable_to_885
nx2512-00-L0115,K3,global,0,Gateway / общая работа с NX,Измерения и интерфейс,Information Object,Информация об объекте,I>M>I>O,assembly|drafting|inspect_view|manufacturing|modeling|mold|pmi|reuse|routing|sheet_metal|simulation|sketch|surface,13,13,UG_INFO_OBJECT,execute_command,(none)|resolved,no,UG_INFO_OBJECT,button_id_present_in_bootstrap_runtime_but_not_traceable_to_885
nx2512-00-L0116,K4,global,0,Gateway / общая работа с NX,Измерения и интерфейс,Examine Geometry,Исследовать геометрию,I>M>E>G,assembly|drafting|inspect_view|manufacturing|modeling|mold|pmi|reuse|routing|sheet_metal|simulation|sketch|surface,13,0,,execute_command,unresolved,no,,blocked_unresolved_disabled
nx2512-00-L0117,K5,global,0,Gateway / общая работа с NX,Измерения и интерфейс,Command Finder,Поиск команд,H>N>C>F,assembly|drafting|inspect_view|manufacturing|modeling|mold|pmi|reuse|routing|sheet_metal|simulation|sketch|surface,13,13,UG_HELP_COMMAND_FINDER,execute_command,(none)|resolved,no,UG_HELP_COMMAND_FINDER,button_id_present_in_bootstrap_runtime_but_not_traceable_to_885
nx2512-00-L0118,K3,global,0,Gateway / общая работа с NX,Измерения и интерфейс,Shortcut Keys,Горячие клавиши,E>N>S>K,assembly|drafting|inspect_view|manufacturing|modeling|mold|pmi|reuse|routing|sheet_metal|simulation|sketch|surface,13,0,,execute_command,unresolved,no,,blocked_unresolved_disabled
nx2512-00-L0119,K3,global,0,Gateway / общая работа с NX,Измерения и интерфейс,Customize,Настроить интерфейс,M>N>C>U,assembly|drafting|inspect_view|manufacturing|modeling|mold|pmi|reuse|routing|sheet_metal|simulation|sketch|surface,13,0,,execute_command,unresolved,no,,blocked_unresolved_disabled
nx2512-00-L0120,K3,global,0,Gateway / общая работа с NX,Измерения и интерфейс,Roles,Роли,M>N>R>O,assembly|drafting|inspect_view|manufacturing|modeling|mold|pmi|reuse|routing|sheet_metal|simulation|sketch|surface,13,0,,execute_command,unresolved,no,,blocked_unresolved_disabled
nx2512-00-L0121,K3,global,0,Gateway / общая работа с NX,Измерения и интерфейс,Resource Bar,Панель ресурсов,M>N>R>B,assembly|drafting|inspect_view|manufacturing|modeling|mold|pmi|reuse|routing|sheet_metal|simulation|sketch|surface,13,0,,execute_command,unresolved,no,,blocked_unresolved_disabled
nx2512-00-L0122,K5,global,0,Gateway / общая работа с NX,Измерения и интерфейс,Part Navigator,Навигатор детали,M>N>P>N,assembly|drafting|inspect_view|manufacturing|modeling|mold|pmi|reuse|routing|sheet_metal|simulation|sketch|surface,13,1,UG_NAVIGATOR_PART,execute_command,(none)|ambiguous,no,UG_NAVIGATOR_PART,button_id_present_in_bootstrap_runtime_but_not_traceable_to_885
nx2512-00-L0123,K5,global,0,Gateway / общая работа с NX,Измерения и интерфейс,Assembly Navigator,Навигатор сборки,M>N>A>N,assembly|drafting|inspect_view|manufacturing|modeling|mold|pmi|reuse|routing|sheet_metal|simulation|sketch|surface,13,13,UG_ASSEMBLIES_NAVIGATOR,execute_command,(none)|resolved,no,UG_ASSEMBLIES_NAVIGATOR,button_id_present_in_bootstrap_runtime_but_not_traceable_to_885
nx2512-00-L0124,K4,global,0,Gateway / общая работа с NX,Измерения и интерфейс,Reuse Library,Библиотека повторного использования,M>N>R>L,assembly|drafting|inspect_view|manufacturing|modeling|mold|pmi|reuse|routing|sheet_metal|simulation|sketch|surface,13,13,UG_NAVIGATOR_REUSE_LIBRARY,execute_command,(none)|resolved,no,UG_NAVIGATOR_REUSE_LIBRARY,button_id_present_in_bootstrap_runtime_but_not_traceable_to_885
nx2512-00-L0125,K3,global,0,Gateway / общая работа с NX,Измерения и интерфейс,Help,Справка,H>N>H>E,assembly|drafting|inspect_view|manufacturing|modeling|mold|pmi|reuse|routing|sheet_metal|simulation|sketch|surface,13,13,UG_HELP_COMMAND_FINDER,execute_command,(none)|resolved,no,UG_HELP_COMMAND_FINDER,button_id_present_in_bootstrap_runtime_but_not_traceable_to_885
nx2512-01-L0132,K5,sketch,1,Sketch / Эскиз,Создание геометрии,Create Sketch,Создать эскиз,C>S>C>K,sketch,1,1,UG_CREATE_SKETCH,execute_command,resolved,no,UG_CREATE_SKETCH,button_id_present_in_bootstrap_runtime_but_not_traceable_to_885
nx2512-01-L0133,K5,sketch,1,Sketch / Эскиз,Создание геометрии,Profile,Профиль,C>G>P>R,sketch,1,0,,execute_command,unresolved,no,,blocked_unresolved_disabled
nx2512-01-L0134,K5,sketch,1,Sketch / Эскиз,Создание геометрии,Line,Линия,C>G>L>N,sketch,1,0,,execute_command,ambiguous,no,,blocked_ambiguous_disabled
nx2512-01-L0135,K5,sketch,1,Sketch / Эскиз,Создание геометрии,Arc,Дуга,C>G>A>R,sketch,1,0,,execute_command,ambiguous,no,,blocked_ambiguous_disabled
nx2512-01-L0136,K5,sketch,1,Sketch / Эскиз,Создание геометрии,Circle,Окружность,C>G>C>R,sketch,1,0,,execute_command,ambiguous,no,,blocked_ambiguous_disabled
nx2512-01-L0137,K3,sketch,1,Sketch / Эскиз,Создание геометрии,Ellipse,Эллипс,C>G>E>L,sketch,1,0,,execute_command,unresolved,no,,blocked_unresolved_disabled
nx2512-01-L0138,K5,sketch,1,Sketch / Эскиз,Создание геометрии,Rectangle,Прямоугольник,C>G>R>T,sketch,1,0,,execute_command,ambiguous,no,,blocked_ambiguous_disabled
nx2512-01-L0139,K3,sketch,1,Sketch / Эскиз,Создание геометрии,Polygon,Многоугольник,C>G>P>O,sketch,1,0,,execute_command,unresolved,no,,blocked_unresolved_disabled
nx2512-01-L0140,K3,sketch,1,Sketch / Эскиз,Создание геометрии,Studio Spline,Сплайн,C>G>S>S,sketch,1,0,,execute_command,unresolved,no,,blocked_unresolved_disabled
nx2512-01-L0141,K3,sketch,1,Sketch / Эскиз,Создание геометрии,Conic,Коника,C>G>C>O,sketch,1,0,,execute_command,unresolved,no,,blocked_unresolved_disabled
nx2512-01-L0142,K3,sketch,1,Sketch / Эскиз,Создание геометрии,Point,Точка,C>G>P>P,sketch,1,0,,execute_command,unresolved,no,,blocked_unresolved_disabled
nx2512-01-L0143,K3,sketch,1,Sketch / Эскиз,Создание геометрии,Slot,Паз,C>G>S>L,sketch,1,0,,execute_command,unresolved,no,,blocked_unresolved_disabled
nx2512-01-L0144,K3,sketch,1,Sketch / Эскиз,Создание геометрии,Fillet,Скругление эскиза,C>G>F>I,sketch,1,0,,execute_command,unresolved,no,,blocked_unresolved_disabled
nx2512-01-L0145,K3,sketch,1,Sketch / Эскиз,Создание геометрии,Chamfer,Фаска эскиза,C>G>C>H,sketch,1,1,UG_MODELING_CHAMFER_FEATURE,execute_command,resolved,no,UG_MODELING_CHAMFER_FEATURE,button_id_present_in_bootstrap_runtime_but_not_traceable_to_885
nx2512-01-L0146,K4,sketch,1,Sketch / Эскиз,Создание геометрии,Offset Curve,Смещение кривой,T>G>O>C,sketch,1,1,UG_SKETCH_OFFSET_CURVE,execute_command,(none),no,UG_SKETCH_OFFSET_CURVE,button_id_present_in_bootstrap_runtime_but_not_traceable_to_885
nx2512-01-L0147,K4,sketch,1,Sketch / Эскиз,Создание геометрии,Pattern Curve,Массив кривых,T>G>P>C,sketch,1,0,,execute_command,unresolved,no,,blocked_unresolved_disabled
nx2512-01-L0148,K4,sketch,1,Sketch / Эскиз,Создание геометрии,Mirror Curve,Зеркало кривых,T>G>M>C,sketch,1,0,,execute_command,unresolved,no,,blocked_unresolved_disabled
nx2512-01-L0149,K4,sketch,1,Sketch / Эскиз,Создание геометрии,Project Curve,Проецировать кривую,C>G>P>C,sketch,1,0,,execute_command,unresolved,no,,blocked_unresolved_disabled
nx2512-01-L0150,K4,sketch,1,Sketch / Эскиз,Создание геометрии,Intersection Curve,Кривая пересечения,C>G>I>C,sketch,1,0,,execute_command,unresolved,no,,blocked_unresolved_disabled
nx2512-01-L0151,K4,sketch,1,Sketch / Эскиз,Создание геометрии,Include Geometry,Включить геометрию,C>G>I>G,sketch,1,0,,execute_command,unresolved,no,,blocked_unresolved_disabled
nx2512-01-L0152,K3,sketch,1,Sketch / Эскиз,Создание геометрии,Derived Line,Производная линия,C>G>D>L,sketch,1,0,,execute_command,unresolved,no,,blocked_unresolved_disabled
nx2512-01-L0153,K4,sketch,1,Sketch / Эскиз,Создание геометрии,Equation Curve,Кривая по уравнению,C>G>E>C,sketch,1,0,,execute_command,unresolved,no,,blocked_unresolved_disabled
nx2512-01-L0156,K5,sketch,1,Sketch / Эскиз,Ограничения,Rapid Dimension,Быстрый размер,A>D>R>D,sketch,1,1,UG_SKETCH_RAPID_DIMENSION,execute_command,(none),no,UG_SKETCH_RAPID_DIMENSION,button_id_present_in_bootstrap_runtime_but_not_traceable_to_885
nx2512-01-L0157,K4,sketch,1,Sketch / Эскиз,Ограничения,Horizontal Dimension,Горизонтальный размер,A>D>H>D,sketch,1,0,,execute_command,unresolved,no,,blocked_unresolved_disabled
nx2512-01-L0158,K4,sketch,1,Sketch / Эскиз,Ограничения,Vertical Dimension,Вертикальный размер,A>D>V>D,sketch,1,0,,execute_command,unresolved,no,,blocked_unresolved_disabled
nx2512-01-L0159,K4,sketch,1,Sketch / Эскиз,Ограничения,Parallel Dimension,Параллельный размер,A>D>P>D,sketch,1,0,,execute_command,unresolved,no,,blocked_unresolved_disabled
nx2512-01-L0160,K4,sketch,1,Sketch / Эскиз,Ограничения,Perpendicular Dimension,Перпендикулярный размер,A>D>P>E,sketch,1,0,,execute_command,unresolved,no,,blocked_unresolved_disabled
nx2512-01-L0161,K4,sketch,1,Sketch / Эскиз,Ограничения,Angular Dimension,Угловой размер,A>D>A>D,sketch,1,0,,execute_command,unresolved,no,,blocked_unresolved_disabled
nx2512-01-L0162,K4,sketch,1,Sketch / Эскиз,Ограничения,Radial Dimension,Радиальный размер,A>D>R>A,sketch,1,0,,execute_command,unresolved,no,,blocked_unresolved_disabled
nx2512-01-L0163,K4,sketch,1,Sketch / Эскиз,Ограничения,Diameter Dimension,Диаметральный размер,A>D>D>D,sketch,1,0,,execute_command,unresolved,no,,blocked_unresolved_disabled
nx2512-01-L0164,K4,sketch,1,Sketch / Эскиз,Ограничения,Perimeter Dimension,Размер периметра,A>D>P>R,sketch,1,0,,execute_command,unresolved,no,,blocked_unresolved_disabled
nx2512-01-L0165,K5,sketch,1,Sketch / Эскиз,Ограничения,Geometric Constraints,Геометрические ограничения,C>K>G>C,sketch,1,0,,execute_command,unresolved,no,,blocked_unresolved_disabled
nx2512-01-L0166,K3,sketch,1,Sketch / Эскиз,Ограничения,Coincident,Совпадение,C>G>C>C,sketch,1,1,UG_SKETCH_COINCIDENT_CONSTRAINT,execute_command,(none),no,UG_SKETCH_COINCIDENT_CONSTRAINT,button_id_present_in_bootstrap_runtime_but_not_traceable_to_885
nx2512-01-L0167,K3,sketch,1,Sketch / Эскиз,Ограничения,Collinear,Коллинеарность,C>G>C>L,sketch,1,0,,execute_command,unresolved,no,,blocked_unresolved_disabled
nx2512-01-L0168,K3,sketch,1,Sketch / Эскиз,Ограничения,Concentric,Концентричность,C>G>C>N,sketch,1,0,,execute_command,unresolved,no,,blocked_unresolved_disabled
nx2512-01-L0169,K3,sketch,1,Sketch / Эскиз,Ограничения,Parallel,Параллельность,C>G>P>A,sketch,1,1,UG_SKETCH_PARALLEL_CONSTRAINT,execute_command,(none),no,UG_SKETCH_PARALLEL_CONSTRAINT,button_id_present_in_bootstrap_runtime_but_not_traceable_to_885
nx2512-01-L0170,K3,sketch,1,Sketch / Эскиз,Ограничения,Perpendicular,Перпендикулярность,C>G>P>E,sketch,1,1,UG_SKETCH_PERPENDICULAR_CONSTRAINT,execute_command,(none),no,UG_SKETCH_PERPENDICULAR_CONSTRAINT,button_id_present_in_bootstrap_runtime_but_not_traceable_to_885
nx2512-01-L0171,K3,sketch,1,Sketch / Эскиз,Ограничения,Tangent,Касательность,C>G>T>A,sketch,1,1,UG_SKETCH_TANGENT_CONSTRAINT,execute_command,(none),no,UG_SKETCH_TANGENT_CONSTRAINT,button_id_present_in_bootstrap_runtime_but_not_traceable_to_885
nx2512-01-L0172,K3,sketch,1,Sketch / Эскиз,Ограничения,Equal Length,Равенство длин,C>G>E>Q,sketch,1,0,,execute_command,unresolved,no,,blocked_unresolved_disabled
nx2512-01-L0173,K3,sketch,1,Sketch / Эскиз,Ограничения,Equal Radius,Равенство радиусов,C>G>E>R,sketch,1,0,,execute_command,unresolved,no,,blocked_unresolved_disabled
nx2512-01-L0174,K3,sketch,1,Sketch / Эскиз,Ограничения,Horizontal,Горизонтальность,C>G>H>O,sketch,1,1,UG_SKETCH_HORIZONTAL_CONSTRAINT,execute_command,(none),no,UG_SKETCH_HORIZONTAL_CONSTRAINT,button_id_present_in_bootstrap_runtime_but_not_traceable_to_885
nx2512-01-L0175,K3,sketch,1,Sketch / Эскиз,Ограничения,Vertical,Вертикальность,C>G>V>E,sketch,1,1,UG_SKETCH_VERTICAL_CONSTRAINT,execute_command,(none),no,UG_SKETCH_VERTICAL_CONSTRAINT,button_id_present_in_bootstrap_runtime_but_not_traceable_to_885
nx2512-01-L0176,K3,sketch,1,Sketch / Эскиз,Ограничения,Symmetric,Симметрия,C>G>S>Y,sketch,1,0,,execute_command,unresolved,no,,blocked_unresolved_disabled
nx2512-01-L0177,K3,sketch,1,Sketch / Эскиз,Ограничения,Midpoint,Середина,C>G>M>I,sketch,1,1,UG_SKETCH_LINE_FROM_MIDPOINT,execute_command,(none),no,UG_SKETCH_LINE_FROM_MIDPOINT,button_id_present_in_bootstrap_runtime_but_not_traceable_to_885
nx2512-01-L0178,K3,sketch,1,Sketch / Эскиз,Ограничения,Fix,Зафиксировать,E>G>F>I,sketch,1,0,,execute_command,unresolved,no,,blocked_unresolved_disabled
nx2512-01-L0179,K3,sketch,1,Sketch / Эскиз,Ограничения,Make Reference,Справочный размер,E>G>M>R,sketch,1,0,,execute_command,unresolved,no,,blocked_unresolved_disabled
nx2512-01-L0180,K3,sketch,1,Sketch / Эскиз,Ограничения,Convert to Driving,Сделать управляющим,E>G>C>D,sketch,1,0,,execute_command,unresolved,no,,blocked_unresolved_disabled
nx2512-01-L0183,K5,sketch,1,Sketch / Эскиз,Редактирование,Trim,Обрезать,E>G>T>R,sketch,1,1,UG_SKETCH_TRIM,execute_command,(none),no,UG_SKETCH_TRIM,button_id_present_in_bootstrap_runtime_but_not_traceable_to_885
nx2512-01-L0184,K3,sketch,1,Sketch / Эскиз,Редактирование,Extend,Удлинить,E>G>E>X,sketch,1,1,UG_SKETCH_EXTEND,execute_command,(none),no,UG_SKETCH_EXTEND,button_id_present_in_bootstrap_runtime_but_not_traceable_to_885
nx2512-01-L0185,K3,sketch,1,Sketch / Эскиз,Редактирование,Corner,Угол,C>G>C>E,sketch,1,0,,execute_command,unresolved,no,,blocked_unresolved_disabled
nx2512-01-L0186,K4,sketch,1,Sketch / Эскиз,Редактирование,Move Curve,Переместить,T>G>M>O,sketch,1,0,,execute_command,unresolved,no,,blocked_unresolved_disabled
nx2512-01-L0187,K3,sketch,1,Sketch / Эскиз,Редактирование,Drag,Перетаскивание,T>G>D>R,sketch,1,0,,execute_command,unresolved,no,,blocked_unresolved_disabled
nx2512-01-L0188,K4,sketch,1,Sketch / Эскиз,Редактирование,Scale Curve,Масштабировать,T>G>S>C,sketch,1,0,,execute_command,unresolved,no,,blocked_unresolved_disabled
nx2512-01-L0189,K4,sketch,1,Sketch / Эскиз,Редактирование,Delete Constraint,Удалить ограничение,X>K>D>C,sketch,1,1,UG_EDIT_DELETE,execute_command,resolved,no,,compiled_enabled_not_installed_in_managed_runtime
nx2512-01-L0190,K4,sketch,1,Sketch / Эскиз,Редактирование,Show/Remove Constraints,Показать или удалить ограничения,V>K>S>R,sketch,1,0,,execute_command,unresolved,no,,blocked_unresolved_disabled
nx2512-01-L0191,K3,sketch,1,Sketch / Эскиз,Редактирование,Alternate Solution,Альтернативное решение,C>G>A>S,sketch,1,0,,execute_command,unresolved,no,,blocked_unresolved_disabled
nx2512-01-L0192,K3,sketch,1,Sketch / Эскиз,Редактирование,Sketch Navigator,Навигатор эскиза,M>G>S>N,sketch,1,1,UG_CREATE_SKETCH,execute_command,resolved,no,UG_CREATE_SKETCH,button_id_present_in_bootstrap_runtime_but_not_traceable_to_885
nx2512-01-L0193,K4,sketch,1,Sketch / Эскиз,Редактирование,Sketch Checker,Проверка эскиза,I>G>S>C,sketch,1,1,UG_SKETCH_CHECKER,execute_command,(none),no,UG_SKETCH_CHECKER,button_id_present_in_bootstrap_runtime_but_not_traceable_to_885
nx2512-01-L0194,K3,sketch,1,Sketch / Эскиз,Редактирование,Auto Constrain,Автоограничения,C>G>A>C,sketch,1,0,,execute_command,unresolved,no,,blocked_unresolved_disabled
nx2512-01-L0195,K4,sketch,1,Sketch / Эскиз,Редактирование,Continuous Auto Dimensioning,Непрерывное авторазмеривание,A>D>C>A,sketch,1,0,,execute_command,unresolved,no,,blocked_unresolved_disabled
nx2512-01-L0196,K3,sketch,1,Sketch / Эскиз,Редактирование,Evaluate Sketch,Оценить эскиз,C>G>E>S,sketch,1,1,UG_CREATE_SKETCH,execute_command,resolved,no,UG_CREATE_SKETCH,button_id_present_in_bootstrap_runtime_but_not_traceable_to_885
nx2512-01-L0197,K3,sketch,1,Sketch / Эскиз,Редактирование,Convert Legacy Sketch,Преобразовать старый эскиз,E>G>C>L,sketch,1,1,UG_CREATE_SKETCH,execute_command,resolved,no,UG_CREATE_SKETCH,button_id_present_in_bootstrap_runtime_but_not_traceable_to_885
nx2512-01-L0198,K5,sketch,1,Sketch / Эскиз,Редактирование,Finish Sketch,Завершить эскиз,P>S>F>N,sketch,1,1,UG_CREATE_SKETCH,execute_command,resolved,no,UG_CREATE_SKETCH,button_id_present_in_bootstrap_runtime_but_not_traceable_to_885
nx2512-01-L0199,K3,sketch,1,Sketch / Эскиз,Редактирование,Exit Sketch,Выйти из эскиза,C>G>E>X,sketch,1,1,UG_CREATE_SKETCH,execute_command,resolved,no,UG_CREATE_SKETCH,button_id_present_in_bootstrap_runtime_but_not_traceable_to_885
nx2512-02-L0204,K5,modeling,2,Modeling / твердотельное и параметрическое моделирование,Базовые элементы,Extrude,Вытягивание,C>F>E>X,modeling,1,1,UG_MODELING_EXTRUDED_FEATURE,execute_command,(none),no,UG_MODELING_EXTRUDED_FEATURE,button_id_present_in_bootstrap_runtime_but_not_traceable_to_885
nx2512-02-L0205,K5,modeling,2,Modeling / твердотельное и параметрическое моделирование,Базовые элементы,Revolve,Вращение,C>F>R>V,modeling,1,1,UG_MODELING_REVOLVED_FEATURE,execute_command,(none),no,UG_MODELING_REVOLVED_FEATURE,button_id_present_in_bootstrap_runtime_but_not_traceable_to_885
nx2512-02-L0206,K3,modeling,2,Modeling / твердотельное и параметрическое моделирование,Базовые элементы,Sweep Along Guide,Протянуть по направляющей,C>F>S>A,modeling,1,0,,execute_command,unresolved,no,,blocked_unresolved_disabled
nx2512-02-L0207,K3,modeling,2,Modeling / твердотельное и параметрическое моделирование,Базовые элементы,Swept,Заметание,C>F>S>W,modeling,1,1,UG_MODELING_SWEPT_FEATURE,execute_command,resolved,no,UG_MODELING_SWEPT_FEATURE,button_id_present_in_bootstrap_runtime_but_not_traceable_to_885
nx2512-02-L0208,K3,modeling,2,Modeling / твердотельное и параметрическое моделирование,Базовые элементы,Tube,Труба,C>F>T>U,modeling,1,0,,execute_command,unresolved,no,,blocked_unresolved_disabled
nx2512-02-L0209,K3,modeling,2,Modeling / твердотельное и параметрическое моделирование,Базовые элементы,Block,Блок,C>F>B>L,modeling,1,0,,execute_command,unresolved,no,,blocked_unresolved_disabled
nx2512-02-L0210,K3,modeling,2,Modeling / твердотельное и параметрическое моделирование,Базовые элементы,Cylinder,Цилиндр,C>F>C>Y,modeling,1,0,,execute_command,unresolved,no,,blocked_unresolved_disabled
nx2512-02-L0211,K3,modeling,2,Modeling / твердотельное и параметрическое моделирование,Базовые элементы,Cone,Конус,C>F>C>O,modeling,1,0,,execute_command,unresolved,no,,blocked_unresolved_disabled
nx2512-02-L0212,K3,modeling,2,Modeling / твердотельное и параметрическое моделирование,Базовые элементы,Sphere,Сфера,C>F>S>P,modeling,1,0,,execute_command,unresolved,no,,blocked_unresolved_disabled
nx2512-02-L0213,K5,modeling,2,Modeling / твердотельное и параметрическое моделирование,Базовые элементы,Hole,Отверстие,C>F>H>L,modeling,1,1,UG_MODELING_HOLE_FEATURE,execute_command,(none),no,UG_MODELING_HOLE_FEATURE,button_id_present_in_bootstrap_runtime_but_not_traceable_to_885
nx2512-02-L0214,K3,modeling,2,Modeling / твердотельное и параметрическое моделирование,Базовые элементы,Thread,Резьба,C>F>T>H,modeling,1,0,,execute_command,unresolved,no,,blocked_unresolved_disabled
nx2512-02-L0215,K3,modeling,2,Modeling / твердотельное и параметрическое моделирование,Базовые элементы,Boss,Бобышка,C>F>B>O,modeling,1,0,,execute_command,unresolved,no,,blocked_unresolved_disabled
nx2512-02-L0216,K3,modeling,2,Modeling / твердотельное и параметрическое моделирование,Базовые элементы,Pocket,Карман,C>F>P>O,modeling,1,0,,execute_command,unresolved,no,,blocked_unresolved_disabled
nx2512-02-L0217,K3,modeling,2,Modeling / твердотельное и параметрическое моделирование,Базовые элементы,Pad,Площадка,C>F>P>A,modeling,1,0,,execute_command,unresolved,no,,blocked_unresolved_disabled
nx2512-02-L0218,K3,modeling,2,Modeling / твердотельное и параметрическое моделирование,Базовые элементы,Slot,Паз,C>F>S>L,modeling,1,0,,execute_command,unresolved,no,,blocked_unresolved_disabled
nx2512-02-L0219,K3,modeling,2,Modeling / твердотельное и параметрическое моделирование,Базовые элементы,Groove,Канавка,C>F>G>R,modeling,1,0,,execute_command,unresolved,no,,blocked_unresolved_disabled
nx2512-02-L0220,K3,modeling,2,Modeling / твердотельное и параметрическое моделирование,Базовые элементы,Rib,Ребро,C>F>R>I,modeling,1,0,,execute_command,unresolved,no,,blocked_unresolved_disabled
nx2512-02-L0221,K3,modeling,2,Modeling / твердотельное и параметрическое моделирование,Базовые элементы,Dart,Выступ,C>F>D>A,modeling,1,0,,execute_command,unresolved,no,,blocked_unresolved_disabled
nx2512-02-L0222,K3,modeling,2,Modeling / твердотельное и параметрическое моделирование,Базовые элементы,Emboss,Тиснение,C>F>E>M,modeling,1,0,,execute_command,unresolved,no,,blocked_unresolved_disabled
nx2512-02-L0225,K5,modeling,2,Modeling / твердотельное и параметрическое моделирование,Булевы операции и тела,Unite,Объединение,C>B>U>N,modeling,1,0,,execute_command,unresolved,no,,blocked_unresolved_disabled
nx2512-02-L0226,K5,modeling,2,Modeling / твердотельное и параметрическое моделирование,Булевы операции и тела,Subtract,Вычитание,X>B>S>B,modeling,1,0,,execute_command,unresolved,no,,blocked_unresolved_disabled
nx2512-02-L0227,K3,modeling,2,Modeling / твердотельное и параметрическое моделирование,Булевы операции и тела,Intersect,Пересечение,C>B>I>N,modeling,1,0,,execute_command,unresolved,no,,blocked_unresolved_disabled
nx2512-02-L0228,K4,modeling,2,Modeling / твердотельное и параметрическое моделирование,Булевы операции и тела,Split Body,Разделить тело,C>B>S>B,modeling,1,1,UG_SEL_BODY_PRIORITY,set_selection_filter,(none),no,UG_SEL_BODY_PRIORITY,button_id_present_in_bootstrap_runtime_but_not_traceable_to_885
nx2512-02-L0229,K4,modeling,2,Modeling / твердотельное и параметрическое моделирование,Булевы операции и тела,Trim Body,Обрезать тело,E>B>T>B,modeling,1,0,,execute_command,ambiguous,no,,blocked_ambiguous_disabled
nx2512-02-L0230,K3,modeling,2,Modeling / твердотельное и параметрическое моделирование,Булевы операции и тела,Sew,Сшить,E>F>S>E,modeling,1,1,UG_MODELING_SEW_FEATURE,execute_command,resolved,no,UG_MODELING_SEW_FEATURE,button_id_present_in_bootstrap_runtime_but_not_traceable_to_885
nx2512-02-L0231,K3,modeling,2,Modeling / твердотельное и параметрическое моделирование,Булевы операции и тела,Unsew,Расшить,X>F>U>N,modeling,1,0,,execute_command,unresolved,no,,blocked_unresolved_disabled
nx2512-02-L0232,K3,modeling,2,Modeling / твердотельное и параметрическое моделирование,Булевы операции и тела,Patch,Заплатка,C>F>P>P,modeling,1,0,,execute_command,unresolved,no,,blocked_unresolved_disabled
nx2512-02-L0233,K4,modeling,2,Modeling / твердотельное и параметрическое моделирование,Булевы операции и тела,Extract Geometry,Извлечь геометрию,C>F>E>G,modeling,1,1,UG_MODELING_EXTRACT_GEOMETRY,execute_command,resolved,no,UG_MODELING_EXTRACT_GEOMETRY,button_id_present_in_bootstrap_runtime_but_not_traceable_to_885
nx2512-02-L0234,K4,modeling,2,Modeling / твердотельное и параметрическое моделирование,Булевы операции и тела,Delete Body,Удалить тело,X>B>D>B,modeling,1,0,,execute_command,ambiguous,no,,blocked_ambiguous_disabled
nx2512-02-L0235,K4,modeling,2,Modeling / твердотельное и параметрическое моделирование,Булевы операции и тела,Create Body,Создать тело,C>B>C>B,modeling,1,1,UG_SEL_BODY_PRIORITY,set_selection_filter,(none),no,UG_SEL_BODY_PRIORITY,button_id_present_in_bootstrap_runtime_but_not_traceable_to_885
nx2512-02-L0236,K4,modeling,2,Modeling / твердотельное и параметрическое моделирование,Булевы операции и тела,Promote Body,Продвинуть тело,C>B>P>B,modeling,1,1,UG_SEL_BODY_PRIORITY,set_selection_filter,(none),no,UG_SEL_BODY_PRIORITY,button_id_present_in_bootstrap_runtime_but_not_traceable_to_885
nx2512-02-L0237,K4,modeling,2,Modeling / твердотельное и параметрическое моделирование,Булевы операции и тела,Clone Body,Клонировать тело,C>B>C>L,modeling,1,1,UG_SEL_BODY_PRIORITY,set_selection_filter,(none),no,UG_SEL_BODY_PRIORITY,button_id_present_in_bootstrap_runtime_but_not_traceable_to_885
nx2512-02-L0240,K5,modeling,2,Modeling / твердотельное и параметрическое моделирование,Детализация,Edge Blend,Скругление рёбер,E>E>B>L,modeling,1,1,UG_MODELING_BLEND_FEATURE,execute_command,(none),no,UG_MODELING_BLEND_FEATURE,button_id_present_in_bootstrap_runtime_but_not_traceable_to_885
nx2512-02-L0241,K3,modeling,2,Modeling / твердотельное и параметрическое моделирование,Детализация,Face Blend,Скругление граней,C>U>F>B,modeling,1,1,UG_SEL_FACE_PRIORITY,set_selection_filter,(none),no,UG_SEL_FACE_PRIORITY,button_id_present_in_bootstrap_runtime_but_not_traceable_to_885
nx2512-02-L0242,K5,modeling,2,Modeling / твердотельное и параметрическое моделирование,Детализация,Chamfer,Фаска,E>E>C>H,modeling,1,1,UG_MODELING_CHAMFER_FEATURE,execute_command,(none),no,UG_MODELING_CHAMFER_FEATURE,button_id_present_in_bootstrap_runtime_but_not_traceable_to_885
nx2512-02-L0243,K3,modeling,2,Modeling / твердотельное и параметрическое моделирование,Детализация,Draft,Уклон,C>F>D>R,modeling,1,0,,execute_command,unresolved,no,,blocked_unresolved_disabled
nx2512-02-L0244,K3,modeling,2,Modeling / твердотельное и параметрическое моделирование,Детализация,Shell,Оболочка,C>F>S>H,modeling,1,0,,execute_command,unresolved,no,,blocked_unresolved_disabled
nx2512-02-L0245,K3,modeling,2,Modeling / твердотельное и параметрическое моделирование,Детализация,Thicken,Утолщение,C>F>T>T,modeling,1,0,,execute_command,unresolved,no,,blocked_unresolved_disabled
nx2512-02-L0246,K4,modeling,2,Modeling / твердотельное и параметрическое моделирование,Детализация,Offset Face,Смещение грани,T>U>O>F,modeling,1,1,UG_SEL_FACE_PRIORITY,set_selection_filter,(none),no,UG_SEL_FACE_PRIORITY,button_id_present_in_bootstrap_runtime_but_not_traceable_to_885
nx2512-02-L0247,K4,modeling,2,Modeling / твердотельное и параметрическое моделирование,Детализация,Offset Surface,Смещение поверхности,T>U>O>S,modeling,1,0,,execute_command,unresolved,no,,blocked_unresolved_disabled
nx2512-02-L0248,K3,modeling,2,Modeling / твердотельное и параметрическое моделирование,Детализация,Resize Blend,Изменить радиус скругления,E>F>R>B,modeling,1,0,,execute_command,unresolved,no,,blocked_unresolved_disabled
nx2512-02-L0249,K3,modeling,2,Modeling / твердотельное и параметрическое моделирование,Детализация,Delete Face,Удалить грань,X>U>D>F,modeling,1,0,,execute_command,ambiguous,no,,blocked_ambiguous_disabled
nx2512-02-L0250,K4,modeling,2,Modeling / твердотельное и параметрическое моделирование,Детализация,Replace Face,Заменить грань,E>U>R>F,modeling,1,1,UG_SEL_FACE_PRIORITY,set_selection_filter,(none),no,UG_SEL_FACE_PRIORITY,button_id_present_in_bootstrap_runtime_but_not_traceable_to_885
nx2512-02-L0251,K4,modeling,2,Modeling / твердотельное и параметрическое моделирование,Детализация,Move Face,Переместить грань,T>U>M>F,modeling,1,1,UG_SEL_FACE_PRIORITY,set_selection_filter,(none),no,UG_SEL_FACE_PRIORITY,button_id_present_in_bootstrap_runtime_but_not_traceable_to_885
nx2512-02-L0252,K3,modeling,2,Modeling / твердотельное и параметрическое моделирование,Детализация,Pull Face,Вытянуть грань,C>U>P>F,modeling,1,1,UG_SEL_FACE_PRIORITY,set_selection_filter,(none),no,UG_SEL_FACE_PRIORITY,button_id_present_in_bootstrap_runtime_but_not_traceable_to_885
nx2512-02-L0253,K3,modeling,2,Modeling / твердотельное и параметрическое моделирование,Детализация,Divide Face,Разделить грань,C>U>D>F,modeling,1,1,UG_SEL_FACE_PRIORITY,set_selection_filter,(none),no,UG_SEL_FACE_PRIORITY,button_id_present_in_bootstrap_runtime_but_not_traceable_to_885
nx2512-02-L0254,K4,modeling,2,Modeling / твердотельное и параметрическое моделирование,Детализация,Simplify Body,Упростить тело,C>B>S>I,modeling,1,1,UG_SEL_BODY_PRIORITY,set_selection_filter,(none),no,UG_SEL_BODY_PRIORITY,button_id_present_in_bootstrap_runtime_but_not_traceable_to_885
nx2512-02-L0255,K3,modeling,2,Modeling / твердотельное и параметрическое моделирование,Детализация,Defeature,Удалить элементы,C>F>D>E,modeling,1,0,,execute_command,unresolved,no,,blocked_unresolved_disabled
nx2512-02-L0258,K5,modeling,2,Modeling / твердотельное и параметрическое моделирование,Массивы и преобразования,Pattern Feature,Массив элементов,T>F>P>T,modeling,1,1,UG_MODELING_PATTERNFEATURE_FEATURE,execute_command,(none),no,UG_MODELING_PATTERNFEATURE_FEATURE,button_id_present_in_bootstrap_runtime_but_not_traceable_to_885
nx2512-02-L0259,K4,modeling,2,Modeling / твердотельное и параметрическое моделирование,Массивы и преобразования,Linear Pattern,Линейный массив,T>G>L>P,modeling,1,0,,execute_command,unresolved,no,,blocked_unresolved_disabled
nx2512-02-L0260,K4,modeling,2,Modeling / твердотельное и параметрическое моделирование,Массивы и преобразования,Circular Pattern,Круговой массив,T>F>C>P,modeling,1,0,,execute_command,unresolved,no,,blocked_unresolved_disabled
nx2512-02-L0261,K4,modeling,2,Modeling / твердотельное и параметрическое моделирование,Массивы и преобразования,Pattern Face,Массив граней,T>U>P>F,modeling,1,1,UG_SEL_FACE_PRIORITY,set_selection_filter,(none),no,UG_SEL_FACE_PRIORITY,button_id_present_in_bootstrap_runtime_but_not_traceable_to_885
nx2512-02-L0262,K4,modeling,2,Modeling / твердотельное и параметрическое моделирование,Массивы и преобразования,Pattern Geometry,Массив геометрии,T>F>P>G,modeling,1,0,,execute_command,unresolved,no,,blocked_unresolved_disabled
nx2512-02-L0263,K5,modeling,2,Modeling / твердотельное и параметрическое моделирование,Массивы и преобразования,Mirror Feature,Зеркало элемента,T>F>M>R,modeling,1,1,UG_MODELING_MIRRORFEATURE_FEATURE,execute_command,(none),no,UG_MODELING_MIRRORFEATURE_FEATURE,button_id_present_in_bootstrap_runtime_but_not_traceable_to_885
nx2512-02-L0264,K4,modeling,2,Modeling / твердотельное и параметрическое моделирование,Массивы и преобразования,Mirror Body,Зеркало тела,T>B>M>B,modeling,1,1,UG_SEL_BODY_PRIORITY,set_selection_filter,(none),no,UG_SEL_BODY_PRIORITY,button_id_present_in_bootstrap_runtime_but_not_traceable_to_885
nx2512-02-L0265,K5,modeling,2,Modeling / твердотельное и параметрическое моделирование,Массивы и преобразования,Move Object,Переместить объект,T>F>M>O,modeling,1,0,,execute_command,unresolved,no,,blocked_unresolved_disabled
nx2512-02-L0266,K4,modeling,2,Modeling / твердотельное и параметрическое моделирование,Массивы и преобразования,Move Feature,Переместить элемент,T>F>M>F,modeling,1,1,UG_SEL_FEATURE_PRIORITY,set_selection_filter,(none),no,UG_SEL_FEATURE_PRIORITY,button_id_present_in_bootstrap_runtime_but_not_traceable_to_885
nx2512-02-L0267,K4,modeling,2,Modeling / твердотельное и параметрическое моделирование,Массивы и преобразования,Transform Geometry,Преобразовать геометрию,T>F>T>G,modeling,1,0,,execute_command,unresolved,no,,blocked_unresolved_disabled
nx2512-02-L0268,K4,modeling,2,Modeling / твердотельное и параметрическое моделирование,Массивы и преобразования,Scale Body,Масштабировать тело,T>B>S>B,modeling,1,1,UG_SEL_BODY_PRIORITY,set_selection_filter,(none),no,UG_SEL_BODY_PRIORITY,button_id_present_in_bootstrap_runtime_but_not_traceable_to_885
nx2512-02-L0269,K4,modeling,2,Modeling / твердотельное и параметрическое моделирование,Массивы и преобразования,Copy Feature,Копировать элемент,T>F>C>F,modeling,1,1,UG_SEL_FEATURE_PRIORITY,set_selection_filter,(none),no,UG_SEL_FEATURE_PRIORITY,button_id_present_in_bootstrap_runtime_but_not_traceable_to_885
nx2512-02-L0270,K4,modeling,2,Modeling / твердотельное и параметрическое моделирование,Массивы и преобразования,Instance Geometry,Экземпляр геометрии,C>F>I>G,modeling,1,0,,execute_command,unresolved,no,,blocked_unresolved_disabled
nx2512-02-L0273,K5,modeling,2,Modeling / твердотельное и параметрическое моделирование,Опорная геометрия,Datum Plane,Базовая плоскость,C>D>D>P,modeling,1,0,,execute_command,unresolved,no,,blocked_unresolved_disabled
nx2512-02-L0274,K3,modeling,2,Modeling / твердотельное и параметрическое моделирование,Опорная геометрия,Datum Axis,Базовая ось,C>D>D>A,modeling,1,0,,execute_command,unresolved,no,,blocked_unresolved_disabled
nx2512-02-L0275,K5,modeling,2,Modeling / твердотельное и параметрическое моделирование,Опорная геометрия,Datum CSYS,Базовая система координат,C>D>D>C,modeling,1,0,,execute_command,unresolved,no,,blocked_unresolved_disabled
nx2512-02-L0276,K3,modeling,2,Modeling / твердотельное и параметрическое моделирование,Опорная геометрия,Point,Точка,C>F>P>I,modeling,1,0,,execute_command,unresolved,no,,blocked_unresolved_disabled
nx2512-02-L0277,K3,modeling,2,Modeling / твердотельное и параметрическое моделирование,Опорная геометрия,Point Set,Набор точек,E>D>P>S,modeling,1,0,,execute_command,unresolved,no,,blocked_unresolved_disabled
nx2512-02-L0278,K3,modeling,2,Modeling / твердотельное и параметрическое моделирование,Опорная геометрия,Coordinate System,Система координат,C>D>C>S,modeling,1,0,,execute_command,unresolved,no,,blocked_unresolved_disabled
nx2512-02-L0279,K3,modeling,2,Modeling / твердотельное и параметрическое моделирование,Опорная геометрия,WCS,Рабочая система координат,C>D>W>C,modeling,1,0,,execute_command,unresolved,no,,blocked_unresolved_disabled
nx2512-02-L0280,K3,modeling,2,Modeling / твердотельное и параметрическое моделирование,Опорная геометрия,Orient WCS,Ориентировать WCS,V>D>O>W,modeling,1,0,,execute_command,unresolved,no,,blocked_unresolved_disabled
nx2512-02-L0281,K4,modeling,2,Modeling / твердотельное и параметрическое моделирование,Опорная геометрия,Move WCS,Переместить WCS,T>D>M>W,modeling,1,0,,execute_command,unresolved,no,,blocked_unresolved_disabled
nx2512-02-L0282,K4,modeling,2,Modeling / твердотельное и параметрическое моделирование,Опорная геометрия,Datum on Path,База на траектории,C>D>D>T,modeling,1,0,,execute_command,unresolved,no,,blocked_unresolved_disabled
nx2512-02-L0285,K5,modeling,2,Modeling / твердотельное и параметрическое моделирование,Кривые,Line,Линия,C>G>L>I,modeling,1,0,,execute_command,ambiguous,no,,blocked_ambiguous_disabled
nx2512-02-L0286,K3,modeling,2,Modeling / твердотельное и параметрическое моделирование,Кривые,Arc/Circle,Дуга или окружность,C>G>A>C,modeling,1,0,,execute_command,unresolved,no,,blocked_unresolved_disabled
nx2512-02-L0287,K3,modeling,2,Modeling / твердотельное и параметрическое моделирование,Кривые,Studio Spline,Студийный сплайн,C>G>S>S,modeling,1,0,,execute_command,unresolved,no,,blocked_unresolved_disabled
nx2512-02-L0288,K4,modeling,2,Modeling / твердотельное и параметрическое моделирование,Кривые,Bridge Curve,Переходная кривая,C>G>B>C,modeling,1,0,,execute_command,unresolved,no,,blocked_unresolved_disabled
nx2512-02-L0289,K3,modeling,2,Modeling / твердотельное и параметрическое моделирование,Кривые,Helix,Спираль,C>G>H>E,modeling,1,0,,execute_command,unresolved,no,,blocked_unresolved_disabled
nx2512-02-L0290,K4,modeling,2,Modeling / твердотельное и параметрическое моделирование,Кривые,Law Curve,Кривая по закону,C>G>L>C,modeling,1,0,,execute_command,unresolved,no,,blocked_unresolved_disabled
nx2512-02-L0291,K4,modeling,2,Modeling / твердотельное и параметрическое моделирование,Кривые,Curve on Surface,Кривая на поверхности,C>U>C>S,modeling,1,0,,execute_command,unresolved,no,,blocked_unresolved_disabled
nx2512-02-L0292,K4,modeling,2,Modeling / твердотельное и параметрическое моделирование,Кривые,Projected Curve,Проекционная кривая,C>G>P>C,modeling,1,0,,execute_command,unresolved,no,,blocked_unresolved_disabled
nx2512-02-L0293,K4,modeling,2,Modeling / твердотельное и параметрическое моделирование,Кривые,Intersection Curve,Кривая пересечения,C>G>I>C,modeling,1,0,,execute_command,unresolved,no,,blocked_unresolved_disabled
nx2512-02-L0294,K4,modeling,2,Modeling / твердотельное и параметрическое моделирование,Кривые,Section Curve,Секущая кривая,C>G>S>C,modeling,1,0,,execute_command,unresolved,no,,blocked_unresolved_disabled
nx2512-02-L0295,K4,modeling,2,Modeling / твердотельное и параметрическое моделирование,Кривые,Offset Curve,Смещённая кривая,T>G>O>C,modeling,1,1,UG_SKETCH_OFFSET_CURVE,execute_command,resolved,no,UG_SKETCH_OFFSET_CURVE,button_id_present_in_bootstrap_runtime_but_not_traceable_to_885
nx2512-02-L0296,K4,modeling,2,Modeling / твердотельное и параметрическое моделирование,Кривые,Offset in Face,Смещение в грани,T>U>O>E,modeling,1,1,UG_SEL_FACE_PRIORITY,set_selection_filter,(none),no,UG_SEL_FACE_PRIORITY,button_id_present_in_bootstrap_runtime_but_not_traceable_to_885
nx2512-02-L0297,K4,modeling,2,Modeling / твердотельное и параметрическое моделирование,Кривые,Join Curves,Объединить кривые,C>G>J>C,modeling,1,0,,execute_command,unresolved,no,,blocked_unresolved_disabled
nx2512-02-L0298,K4,modeling,2,Modeling / твердотельное и параметрическое моделирование,Кривые,Divide Curve,Разделить кривую,C>G>D>C,modeling,1,0,,execute_command,unresolved,no,,blocked_unresolved_disabled
nx2512-02-L0299,K4,modeling,2,Modeling / твердотельное и параметрическое моделирование,Кривые,Trim Curve,Обрезать кривую,E>G>T>C,modeling,1,1,UG_SKETCH_TRIM,execute_command,resolved,no,UG_SKETCH_TRIM,button_id_present_in_bootstrap_runtime_but_not_traceable_to_885
nx2512-02-L0300,K4,modeling,2,Modeling / твердотельное и параметрическое моделирование,Кривые,Extend Curve,Удлинить кривую,E>G>E>C,modeling,1,1,UG_SKETCH_EXTEND,execute_command,resolved,no,UG_SKETCH_EXTEND,button_id_present_in_bootstrap_runtime_but_not_traceable_to_885
nx2512-02-L0301,K4,modeling,2,Modeling / твердотельное и параметрическое моделирование,Кривые,Simplify Curve,Упростить кривую,C>G>S>I,modeling,1,0,,execute_command,unresolved,no,,blocked_unresolved_disabled
nx2512-02-L0302,K4,modeling,2,Modeling / твердотельное и параметрическое моделирование,Кривые,Fit Curve,Аппроксимировать кривую,V>G>F>C,modeling,1,1,UG_VIEW_FIT,execute_command,resolved,no,UG_VIEW_FIT,button_id_present_in_bootstrap_runtime_but_not_traceable_to_885
nx2512-02-L0303,K4,modeling,2,Modeling / твердотельное и параметрическое моделирование,Кривые,Composite Curve,Составная кривая,C>G>C>C,modeling,1,0,,execute_command,unresolved,no,,blocked_unresolved_disabled
nx2512-02-L0304,K4,modeling,2,Modeling / твердотельное и параметрическое моделирование,Кривые,Extract Curve,Извлечь кривую,C>G>E>C,modeling,1,0,,execute_command,unresolved,no,,blocked_unresolved_disabled
nx2512-02-L0307,K4,modeling,2,Modeling / твердотельное и параметрическое моделирование,Поверхности и freeform,Through Curves,По кривым,C>U>T>C,modeling,1,1,UG_MODELING_THROUGH_CURVES_FEATURE,execute_command,resolved,no,UG_MODELING_THROUGH_CURVES_FEATURE,button_id_present_in_bootstrap_runtime_but_not_traceable_to_885
nx2512-02-L0308,K4,modeling,2,Modeling / твердотельное и параметрическое моделирование,Поверхности и freeform,Through Curve Mesh,По сетке кривых,C>U>T>H,modeling,1,1,UG_SIM_MESH,execute_command,resolved,no,UG_SIM_MESH,button_id_present_in_bootstrap_runtime_but_not_traceable_to_885
nx2512-02-L0309,K4,modeling,2,Modeling / твердотельное и параметрическое моделирование,Поверхности и freeform,Studio Surface,Студийная поверхность,C>U>S>S,modeling,1,1,UG_MODELING_STUDIO_SURFACE_FEATURE,execute_command,resolved,no,UG_MODELING_STUDIO_SURFACE_FEATURE,button_id_present_in_bootstrap_runtime_but_not_traceable_to_885
nx2512-02-L0310,K4,modeling,2,Modeling / твердотельное и параметрическое моделирование,Поверхности и freeform,N-Sided Surface,N-сторонняя поверхность,C>U>N>S,modeling,1,0,,execute_command,unresolved,no,,blocked_unresolved_disabled
nx2512-02-L0311,K4,modeling,2,Modeling / твердотельное и параметрическое моделирование,Поверхности и freeform,Bridge Surface,Переходная поверхность,C>U>B>S,modeling,1,0,,execute_command,unresolved,no,,blocked_unresolved_disabled
nx2512-02-L0312,K4,modeling,2,Modeling / твердотельное и параметрическое моделирование,Поверхности и freeform,Ruled Surface,Линейчатая поверхность,C>U>R>S,modeling,1,0,,execute_command,unresolved,no,,blocked_unresolved_disabled
nx2512-02-L0313,K3,modeling,2,Modeling / твердотельное и параметрическое моделирование,Поверхности и freeform,Bounded Plane,Ограниченная плоскость,C>U>B>P,modeling,1,0,,execute_command,unresolved,no,,blocked_unresolved_disabled
nx2512-02-L0314,K4,modeling,2,Modeling / твердотельное и параметрическое моделирование,Поверхности и freeform,Fill Surface,Заполнить поверхность,C>U>F>S,modeling,1,0,,execute_command,unresolved,no,,blocked_unresolved_disabled
nx2512-02-L0315,K3,modeling,2,Modeling / твердотельное и параметрическое моделирование,Поверхности и freeform,Trimmed Sheet,Обрезанный лист,E>U>T>S,modeling,1,0,,execute_command,unresolved,no,,blocked_unresolved_disabled
nx2512-02-L0316,K3,modeling,2,Modeling / твердотельное и параметрическое моделирование,Поверхности и freeform,Trim Sheet,Обрезать поверхность,E>U>T>R,modeling,1,1,UG_MODELING_TRIM_SHEET_FEATURE,execute_command,resolved,no,UG_MODELING_TRIM_SHEET_FEATURE,button_id_present_in_bootstrap_runtime_but_not_traceable_to_885
nx2512-02-L0317,K3,modeling,2,Modeling / твердотельное и параметрическое моделирование,Поверхности и freeform,Extend Sheet,Удлинить поверхность,E>U>E>S,modeling,1,1,UG_MODELING_FF_EXTEND_SHEET,execute_command,(none),no,UG_MODELING_FF_EXTEND_SHEET,button_id_present_in_bootstrap_runtime_but_not_traceable_to_885
nx2512-02-L0318,K4,modeling,2,Modeling / твердотельное и параметрическое моделирование,Поверхности и freeform,Offset Surface,Смещение поверхности,T>U>O>T,modeling,1,0,,execute_command,unresolved,no,,blocked_unresolved_disabled
nx2512-02-L0319,K4,modeling,2,Modeling / твердотельное и параметрическое моделирование,Поверхности и freeform,Variable Offset,Переменное смещение,T>U>V>O,modeling,1,0,,execute_command,unresolved,no,,blocked_unresolved_disabled
nx2512-02-L0320,K4,modeling,2,Modeling / твердотельное и параметрическое моделирование,Поверхности и freeform,Face Analysis,Анализ грани,I>U>F>A,modeling,1,1,UG_SEL_FACE_PRIORITY,set_selection_filter,(none),no,UG_SEL_FACE_PRIORITY,button_id_present_in_bootstrap_runtime_but_not_traceable_to_885
nx2512-02-L0321,K3,modeling,2,Modeling / твердотельное и параметрическое моделирование,Поверхности и freeform,Match Edge,Согласовать кромку,E>U>M>E,modeling,1,1,UG_SEL_EDGE_PRIORITY,set_selection_filter,(none),no,UG_SEL_EDGE_PRIORITY,button_id_present_in_bootstrap_runtime_but_not_traceable_to_885
nx2512-02-L0322,K4,modeling,2,Modeling / твердотельное и параметрическое моделирование,Поверхности и freeform,Match Surface,Согласовать поверхность,E>U>M>S,modeling,1,0,,execute_command,unresolved,no,,blocked_unresolved_disabled
nx2512-02-L0323,K3,modeling,2,Modeling / твердотельное и параметрическое моделирование,Поверхности и freeform,Global Shaping,Глобальное формоизменение,C>U>G>S,modeling,1,0,,execute_command,unresolved,no,,blocked_unresolved_disabled
nx2512-02-L0324,K3,modeling,2,Modeling / твердотельное и параметрическое моделирование,Поверхности и freeform,X-Form,X-форма,C>U>X>F,modeling,1,0,,execute_command,unresolved,no,,blocked_unresolved_disabled
nx2512-02-L0325,K3,modeling,2,Modeling / твердотельное и параметрическое моделирование,Поверхности и freeform,I-Form,I-форма,C>U>I>F,modeling,1,0,,execute_command,unresolved,no,,blocked_unresolved_disabled
nx2512-02-L0326,K4,modeling,2,Modeling / твердотельное и параметрическое моделирование,Поверхности и freeform,Flattening and Forming,Развёртка и формование,T>U>F>F,modeling,1,0,,execute_command,unresolved,no,,blocked_unresolved_disabled
nx2512-02-L0329,K4,modeling,2,Modeling / твердотельное и параметрическое моделирование,Синхронная технология и параметры,Move Face,Переместить грань,T>U>M>O,modeling,1,1,UG_SEL_FACE_PRIORITY,set_selection_filter,(none),no,UG_SEL_FACE_PRIORITY,button_id_present_in_bootstrap_runtime_but_not_traceable_to_885
nx2512-02-L0330,K3,modeling,2,Modeling / твердотельное и параметрическое моделирование,Синхронная технология и параметры,Pull Face,Потянуть грань,C>U>P>U,modeling,1,1,UG_SEL_FACE_PRIORITY,set_selection_filter,(none),no,UG_SEL_FACE_PRIORITY,button_id_present_in_bootstrap_runtime_but_not_traceable_to_885
nx2512-02-L0331,K4,modeling,2,Modeling / твердотельное и параметрическое моделирование,Синхронная технология и параметры,Offset Region,Смещение области,T>F>O>R,modeling,1,0,,execute_command,unresolved,no,,blocked_unresolved_disabled
nx2512-02-L0332,K3,modeling,2,Modeling / твердотельное и параметрическое моделирование,Синхронная технология и параметры,Resize Face,Изменить размер грани,E>U>R>E,modeling,1,1,UG_SEL_FACE_PRIORITY,set_selection_filter,(none),no,UG_SEL_FACE_PRIORITY,button_id_present_in_bootstrap_runtime_but_not_traceable_to_885
nx2512-02-L0333,K3,modeling,2,Modeling / твердотельное и параметрическое моделирование,Синхронная технология и параметры,Delete Face,Удалить грань,X>U>D>E,modeling,1,0,,execute_command,ambiguous,no,,blocked_ambiguous_disabled
nx2512-02-L0334,K4,modeling,2,Modeling / твердотельное и параметрическое моделирование,Синхронная технология и параметры,Replace Face,Заменить грань,E>U>R>P,modeling,1,1,UG_SEL_FACE_PRIORITY,set_selection_filter,(none),no,UG_SEL_FACE_PRIORITY,button_id_present_in_bootstrap_runtime_but_not_traceable_to_885
nx2512-02-L0335,K3,modeling,2,Modeling / твердотельное и параметрическое моделирование,Синхронная технология и параметры,Make Coplanar,Сделать компланарными,E>F>M>C,modeling,1,0,,execute_command,unresolved,no,,blocked_unresolved_disabled
nx2512-02-L0336,K3,modeling,2,Modeling / твердотельное и параметрическое моделирование,Синхронная технология и параметры,Make Collinear,Сделать соосными,E>G>M>C,modeling,1,0,,execute_command,unresolved,no,,blocked_unresolved_disabled
nx2512-02-L0337,K3,modeling,2,Modeling / твердотельное и параметрическое моделирование,Синхронная технология и параметры,Make Symmetric,Сделать симметричными,E>F>M>S,modeling,1,0,,execute_command,unresolved,no,,blocked_unresolved_disabled
nx2512-02-L0338,K4,modeling,2,Modeling / твердотельное и параметрическое моделирование,Синхронная технология и параметры,Recognize Feature,Распознать элемент,E>F>R>F,modeling,1,1,UG_SEL_FEATURE_PRIORITY,set_selection_filter,(none),no,UG_SEL_FEATURE_PRIORITY,button_id_present_in_bootstrap_runtime_but_not_traceable_to_885
nx2512-02-L0339,K4,modeling,2,Modeling / твердотельное и параметрическое моделирование,Синхронная технология и параметры,Optimize Face,Оптимизировать грань,P>U>O>F,modeling,1,1,UG_SEL_FACE_PRIORITY,set_selection_filter,(none),no,UG_SEL_FACE_PRIORITY,button_id_present_in_bootstrap_runtime_but_not_traceable_to_885
nx2512-02-L0340,K3,modeling,2,Modeling / твердотельное и параметрическое моделирование,Синхронная технология и параметры,Local Scale,Локальный масштаб,T>F>L>S,modeling,1,0,,execute_command,unresolved,no,,blocked_unresolved_disabled
nx2512-02-L0341,K5,modeling,2,Modeling / твердотельное и параметрическое моделирование,Синхронная технология и параметры,Expressions,Выражения,M>F>E>X,modeling,1,1,UG_EXPRESSIONS,execute_command,resolved,no,UG_EXPRESSIONS,button_id_present_in_bootstrap_runtime_but_not_traceable_to_885
nx2512-02-L0342,K3,modeling,2,Modeling / твердотельное и параметрическое моделирование,Синхронная технология и параметры,Interpart Expressions,Междетальные выражения,M>F>I>E,modeling,1,1,UG_EXPRESSIONS,execute_command,resolved,no,UG_EXPRESSIONS,button_id_present_in_bootstrap_runtime_but_not_traceable_to_885
nx2512-02-L0343,K3,modeling,2,Modeling / твердотельное и параметрическое моделирование,Синхронная технология и параметры,Part Families,Семейства деталей,M>F>P>F,modeling,1,0,,execute_command,unresolved,no,,blocked_unresolved_disabled
nx2512-02-L0344,K4,modeling,2,Modeling / твердотельное и параметрическое моделирование,Синхронная технология и параметры,Feature Group,Группа элементов,M>F>F>G,modeling,1,1,UG_SEL_FEATURE_PRIORITY,set_selection_filter,(none),no,UG_SEL_FEATURE_PRIORITY,button_id_present_in_bootstrap_runtime_but_not_traceable_to_885
nx2512-02-L0345,K4,modeling,2,Modeling / твердотельное и параметрическое моделирование,Синхронная технология и параметры,Feature Browser,Обозреватель элементов,M>F>F>B,modeling,1,1,UG_SEL_FEATURE_PRIORITY,set_selection_filter,(none),no,UG_SEL_FEATURE_PRIORITY,button_id_present_in_bootstrap_runtime_but_not_traceable_to_885
nx2512-02-L0346,K4,modeling,2,Modeling / твердотельное и параметрическое моделирование,Синхронная технология и параметры,Feature Playback,Воспроизведение,P>F>F>P,modeling,1,1,UG_SEL_FEATURE_PRIORITY,set_selection_filter,(none),no,UG_SEL_FEATURE_PRIORITY,button_id_present_in_bootstrap_runtime_but_not_traceable_to_885
nx2512-02-L0347,K4,modeling,2,Modeling / твердотельное и параметрическое моделирование,Синхронная технология и параметры,Edit Dependency,Изменить зависимость,E>F>E>D,modeling,1,0,,execute_command,unresolved,no,,blocked_unresolved_disabled
nx2512-02-L0348,K4,modeling,2,Modeling / твердотельное и параметрическое моделирование,Синхронная технология и параметры,Delay Update,Отложить обновление,P>F>D>U,modeling,1,0,,execute_command,unresolved,no,,blocked_unresolved_disabled
nx2512-02-L0349,K5,modeling,2,Modeling / твердотельное и параметрическое моделирование,Синхронная технология и параметры,Update Model,Обновить модель,P>F>U>M,modeling,1,0,,execute_command,unresolved,no,,blocked_unresolved_disabled
nx2512-02-L0350,K3,modeling,2,Modeling / твердотельное и параметрическое моделирование,Синхронная технология и параметры,Timestamp Order,Порядок построения,C>F>T>O,modeling,1,0,,execute_command,unresolved,no,,blocked_unresolved_disabled
nx2512-02-L0351,K4,modeling,2,Modeling / твердотельное и параметрическое моделирование,Синхронная технология и параметры,User Defined Feature,Пользовательский элемент,C>F>U>D,modeling,1,1,UG_SEL_FEATURE_PRIORITY,set_selection_filter,(none),no,UG_SEL_FEATURE_PRIORITY,button_id_present_in_bootstrap_runtime_but_not_traceable_to_885
nx2512-03-L0357,K3,modeling,3,Convergent Modeling / фасетная и сеточная геометрия,"Импорт, ремонт и редактирование",Import STL,Импорт STL,C>F>I>S,modeling,1,0,,execute_command,unresolved,no,,blocked_unresolved_disabled
nx2512-03-L0358,K3,modeling,3,Convergent Modeling / фасетная и сеточная геометрия,"Импорт, ремонт и редактирование",Import OBJ,Импорт OBJ,C>F>I>O,modeling,1,0,,execute_command,unresolved,no,,blocked_unresolved_disabled
nx2512-03-L0359,K3,modeling,3,Convergent Modeling / фасетная и сеточная геометрия,"Импорт, ремонт и редактирование",Faceted Body,Фасетное тело,C>U>F>A,modeling,1,1,UG_SEL_BODY_PRIORITY,set_selection_filter,(none),no,UG_SEL_BODY_PRIORITY,button_id_present_in_bootstrap_runtime_but_not_traceable_to_885
nx2512-03-L0360,K3,modeling,3,Convergent Modeling / фасетная и сеточная геометрия,"Импорт, ремонт и редактирование",Convert to Convergent Body,Преобразовать в конвергентное тело,E>B>C>C,modeling,1,1,UG_SEL_BODY_PRIORITY,set_selection_filter,(none),no,UG_SEL_BODY_PRIORITY,button_id_present_in_bootstrap_runtime_but_not_traceable_to_885
nx2512-03-L0368,K3,modeling,3,Convergent Modeling / фасетная и сеточная геометрия,"Импорт, ремонт и редактирование",Offset Facet Body,Смещение сеточного тела,T>U>O>B,modeling,1,1,UG_SEL_BODY_PRIORITY,set_selection_filter,(none),no,UG_SEL_BODY_PRIORITY,button_id_present_in_bootstrap_runtime_but_not_traceable_to_885
nx2512-03-L0370,K3,modeling,3,Convergent Modeling / фасетная и сеточная геометрия,"Импорт, ремонт и редактирование",Split Convergent Body,Разделить тело,C>B>S>C,modeling,1,1,UG_SEL_BODY_PRIORITY,set_selection_filter,(none),no,UG_SEL_BODY_PRIORITY,button_id_present_in_bootstrap_runtime_but_not_traceable_to_885
nx2512-03-L0372,K3,modeling,3,Convergent Modeling / фасетная и сеточная геометрия,"Импорт, ремонт и редактирование",Wrap Geometry,Обернуть геометрию,C>F>W>G,modeling,1,0,,execute_command,unresolved,no,,blocked_unresolved_disabled
nx2512-03-L0373,K3,modeling,3,Convergent Modeling / фасетная и сеточная геометрия,"Импорт, ремонт и редактирование",Generate B-Rep,Создать B-Rep,P>F>G>B,modeling,1,0,,execute_command,unresolved,no,,blocked_unresolved_disabled
nx2512-04-L0379,K5,assembly,4,Assemblies / Сборки,Структура сборки,Add Component,Добавить компонент,C>C>A>D,assembly,1,1,UG_ASSEMBLIES_ADD_COMPONENT,execute_command,(none),no,UG_ASSEMBLIES_ADD_COMPONENT,button_id_present_in_bootstrap_runtime_but_not_traceable_to_885
nx2512-04-L0380,K4,assembly,4,Assemblies / Сборки,Структура сборки,Create New Component,Создать компонент,C>C>C>N,assembly,1,1,UG_ASSEMBLIES_NEW_COMPONENT,execute_command,(none),no,UG_ASSEMBLIES_NEW_COMPONENT,button_id_present_in_bootstrap_runtime_but_not_traceable_to_885
nx2512-04-L0381,K4,assembly,4,Assemblies / Сборки,Структура сборки,Add Existing Component,Добавить существующий,C>C>A>E,assembly,1,1,UG_SEL_COMPONENT_PRIORITY,set_selection_filter,(none),no,UG_SEL_COMPONENT_PRIORITY,button_id_present_in_bootstrap_runtime_but_not_traceable_to_885
nx2512-04-L0382,K4,assembly,4,Assemblies / Сборки,Структура сборки,Replace Component,Заменить компонент,E>C>R>C,assembly,1,1,UG_ASSEMBLIES_REPLACE_COMPONENT,execute_command,(none),no,UG_ASSEMBLIES_REPLACE_COMPONENT,button_id_present_in_bootstrap_runtime_but_not_traceable_to_885
nx2512-04-L0383,K4,assembly,4,Assemblies / Сборки,Структура сборки,Remove Component,Удалить компонент,X>C>R>C,assembly,1,1,UG_ASSEMBLIES_REMOVE_COMPONENT,execute_command,(none),no,UG_ASSEMBLIES_REMOVE_COMPONENT,button_id_present_in_bootstrap_runtime_but_not_traceable_to_885
nx2512-04-L0384,K4,assembly,4,Assemblies / Сборки,Структура сборки,Rename Component,Переименовать,E>C>R>E,assembly,1,1,UG_SEL_COMPONENT_PRIORITY,set_selection_filter,(none),no,UG_SEL_COMPONENT_PRIORITY,button_id_present_in_bootstrap_runtime_but_not_traceable_to_885
nx2512-04-L0385,K5,assembly,4,Assemblies / Сборки,Структура сборки,Make Work Part,Сделать рабочей деталью,E>C>M>W,assembly,1,0,,execute_command,unresolved,no,,blocked_unresolved_disabled
nx2512-04-L0386,K3,assembly,4,Assemblies / Сборки,Структура сборки,Make Displayed Part,Сделать отображаемой,V>C>M>D,assembly,1,0,,execute_command,unresolved,no,,blocked_unresolved_disabled
nx2512-04-L0387,K4,assembly,4,Assemblies / Сборки,Структура сборки,Open Component,Открыть компонент,C>C>O>C,assembly,1,0,,execute_command,ambiguous,no,,blocked_ambiguous_disabled
nx2512-04-L0388,K4,assembly,4,Assemblies / Сборки,Структура сборки,Close Component,Закрыть компонент,C>C>C>C,assembly,1,1,UG_SEL_COMPONENT_PRIORITY,set_selection_filter,(none),no,UG_SEL_COMPONENT_PRIORITY,button_id_present_in_bootstrap_runtime_but_not_traceable_to_885
nx2512-04-L0389,K4,assembly,4,Assemblies / Сборки,Структура сборки,Promote Body,Продвинуть тело,C>C>P>B,assembly,1,1,UG_SEL_BODY_PRIORITY,set_selection_filter,(none),no,UG_SEL_BODY_PRIORITY,button_id_present_in_bootstrap_runtime_but_not_traceable_to_885
nx2512-04-L0390,K3,assembly,4,Assemblies / Сборки,Структура сборки,Deformable Part,Деформируемая деталь,C>C>D>P,assembly,1,0,,execute_command,unresolved,no,,blocked_unresolved_disabled
nx2512-04-L0391,K4,assembly,4,Assemblies / Сборки,Структура сборки,Component Pattern,Массив компонентов,T>C>C>P,assembly,1,1,UG_SEL_COMPONENT_PRIORITY,set_selection_filter,(none),no,UG_SEL_COMPONENT_PRIORITY,button_id_present_in_bootstrap_runtime_but_not_traceable_to_885
nx2512-04-L0392,K4,assembly,4,Assemblies / Сборки,Структура сборки,Mirror Assembly,Зеркальная сборка,T>C>M>A,assembly,1,0,,execute_command,unresolved,no,,blocked_unresolved_disabled
nx2512-04-L0393,K3,assembly,4,Assemblies / Сборки,Структура сборки,Clone Assembly,Клонировать сборку,C>C>C>A,assembly,1,0,,execute_command,unresolved,no,,blocked_unresolved_disabled
nx2512-04-L0394,K3,assembly,4,Assemblies / Сборки,Структура сборки,Pack and Go,Упаковать проект,C>C>P>G,assembly,1,0,,execute_command,unresolved,no,,blocked_unresolved_disabled
nx2512-04-L0397,K5,assembly,4,Assemblies / Сборки,Позиционирование,Assembly Constraints,Сборочные ограничения,C>K>A>C,assembly,1,1,UG_ASSEMBLIES_CONSTRAINTS,execute_command,(none),no,UG_ASSEMBLIES_CONSTRAINTS,button_id_present_in_bootstrap_runtime_but_not_traceable_to_885
nx2512-04-L0398,K3,assembly,4,Assemblies / Сборки,Позиционирование,Touch/Align,Совместить,T>C>T>A,assembly,1,0,,execute_command,unresolved,no,,blocked_unresolved_disabled
nx2512-04-L0399,K3,assembly,4,Assemblies / Сборки,Позиционирование,Concentric,Соосность,C>C>C>O,assembly,1,0,,execute_command,unresolved,no,,blocked_unresolved_disabled
nx2512-04-L0400,K3,assembly,4,Assemblies / Сборки,Позиционирование,Distance,Расстояние,C>C>D>I,assembly,1,0,,execute_command,unresolved,no,,blocked_unresolved_disabled
nx2512-04-L0401,K3,assembly,4,Assemblies / Сборки,Позиционирование,Angle,Угол,C>C>A>N,assembly,1,0,,execute_command,unresolved,no,,blocked_unresolved_disabled
nx2512-04-L0402,K3,assembly,4,Assemblies / Сборки,Позиционирование,Parallel,Параллельность,C>C>P>A,assembly,1,1,UG_SKETCH_PARALLEL_CONSTRAINT,execute_command,resolved,no,UG_SKETCH_PARALLEL_CONSTRAINT,button_id_present_in_bootstrap_runtime_but_not_traceable_to_885
nx2512-04-L0403,K3,assembly,4,Assemblies / Сборки,Позиционирование,Perpendicular,Перпендикулярность,C>C>P>E,assembly,1,1,UG_SKETCH_PERPENDICULAR_CONSTRAINT,execute_command,resolved,no,UG_SKETCH_PERPENDICULAR_CONSTRAINT,button_id_present_in_bootstrap_runtime_but_not_traceable_to_885
nx2512-04-L0404,K3,assembly,4,Assemblies / Сборки,Позиционирование,Fit,Посадка,V>C>F>I,assembly,1,1,UG_VIEW_FIT,execute_command,resolved,no,UG_VIEW_FIT,button_id_present_in_bootstrap_runtime_but_not_traceable_to_885
nx2512-04-L0405,K3,assembly,4,Assemblies / Сборки,Позиционирование,Center,Центрирование,C>C>C>E,assembly,1,0,,execute_command,ambiguous,no,,blocked_ambiguous_disabled
nx2512-04-L0406,K3,assembly,4,Assemblies / Сборки,Позиционирование,Bond,Жёсткое соединение,C>C>B>O,assembly,1,0,,execute_command,unresolved,no,,blocked_unresolved_disabled
nx2512-04-L0407,K4,assembly,4,Assemblies / Сборки,Позиционирование,Fix Component,Зафиксировать компонент,E>C>F>C,assembly,1,1,UG_SEL_COMPONENT_PRIORITY,set_selection_filter,(none),no,UG_SEL_COMPONENT_PRIORITY,button_id_present_in_bootstrap_runtime_but_not_traceable_to_885
nx2512-04-L0408,K5,assembly,4,Assemblies / Сборки,Позиционирование,Move Component,Переместить компонент,T>C>M>V,assembly,1,1,UG_ASSEMBLIES_MOVE_COMPONENT,execute_command,(none),no,UG_ASSEMBLIES_MOVE_COMPONENT,button_id_present_in_bootstrap_runtime_but_not_traceable_to_885
nx2512-04-L0409,K4,assembly,4,Assemblies / Сборки,Позиционирование,Drag Component,Перетащить компонент,T>C>D>C,assembly,1,1,UG_SEL_COMPONENT_PRIORITY,set_selection_filter,(none),no,UG_SEL_COMPONENT_PRIORITY,button_id_present_in_bootstrap_runtime_but_not_traceable_to_885
nx2512-04-L0410,K4,assembly,4,Assemblies / Сборки,Позиционирование,Remember Constraints,Запомнить ограничения,C>K>R>C,assembly,1,0,,execute_command,unresolved,no,,blocked_unresolved_disabled
nx2512-04-L0411,K4,assembly,4,Assemblies / Сборки,Позиционирование,Assembly Constraints Navigator,Навигатор ограничений,M>K>A>C,assembly,1,1,UG_ASSEMBLIES_CONSTRAINTS,execute_command,(none),no,UG_ASSEMBLIES_CONSTRAINTS,button_id_present_in_bootstrap_runtime_but_not_traceable_to_885
nx2512-04-L0412,K3,assembly,4,Assemblies / Сборки,Позиционирование,Positioning Task,Задача позиционирования,T>C>P>T,assembly,1,0,,execute_command,unresolved,no,,blocked_unresolved_disabled
nx2512-04-L0415,K4,assembly,4,Assemblies / Сборки,"Контекст, конфигурации и проверка",WAVE Geometry Linker,Связь геометрии WAVE,C>C>W>G,assembly,1,1,UG_ASSY_WAVE_LINKER,execute_command,(none),no,UG_ASSY_WAVE_LINKER,button_id_present_in_bootstrap_runtime_but_not_traceable_to_885
nx2512-04-L0416,K4,assembly,4,Assemblies / Сборки,"Контекст, конфигурации и проверка",Extract Geometry,Извлечь геометрию,C>C>E>G,assembly,1,1,UG_MODELING_EXTRACT_GEOMETRY,execute_command,resolved,no,UG_MODELING_EXTRACT_GEOMETRY,button_id_present_in_bootstrap_runtime_but_not_traceable_to_885
nx2512-04-L0417,K3,assembly,4,Assemblies / Сборки,"Контекст, конфигурации и проверка",Interpart Link,Междетальная связь,C>C>I>L,assembly,1,0,,execute_command,unresolved,no,,blocked_unresolved_disabled
nx2512-04-L0418,K3,assembly,4,Assemblies / Сборки,"Контекст, конфигурации и проверка",Design in Context,Проектировать в контексте,C>C>D>C,assembly,1,0,,execute_command,unresolved,no,,blocked_unresolved_disabled
nx2512-04-L0419,K4,assembly,4,Assemblies / Сборки,"Контекст, конфигурации и проверка",Create Interpart Expression,Междетальное выражение,C>C>C>I,assembly,1,0,,execute_command,unresolved,no,,blocked_unresolved_disabled
nx2512-04-L0420,K4,assembly,4,Assemblies / Сборки,"Контекст, конфигурации и проверка",Edit Context,Изменить контекст,E>C>E>C,assembly,1,0,,execute_command,unresolved,no,,blocked_unresolved_disabled
nx2512-04-L0421,K3,assembly,4,Assemblies / Сборки,"Контекст, конфигурации и проверка",Product Interface,Интерфейс изделия,C>C>P>I,assembly,1,0,,execute_command,unresolved,no,,blocked_unresolved_disabled
nx2512-04-L0422,K3,assembly,4,Assemblies / Сборки,"Контекст, конфигурации и проверка",Reference Set,Набор ссылок,E>C>R>S,assembly,1,0,,execute_command,unresolved,no,,blocked_unresolved_disabled
nx2512-04-L0423,K4,assembly,4,Assemblies / Сборки,"Контекст, конфигурации и проверка",Create Reference Set,Создать набор ссылок,E>C>C>R,assembly,1,0,,execute_command,unresolved,no,,blocked_unresolved_disabled
nx2512-04-L0424,K4,assembly,4,Assemblies / Сборки,"Контекст, конфигурации и проверка",Replace Reference Set,Заменить набор,E>C>R>R,assembly,1,0,,execute_command,unresolved,no,,blocked_unresolved_disabled
nx2512-04-L0425,K3,assembly,4,Assemblies / Сборки,"Контекст, конфигурации и проверка",Arrangements,Положения сборки,C>C>A>R,assembly,1,0,,execute_command,unresolved,no,,blocked_unresolved_disabled
nx2512-04-L0426,K4,assembly,4,Assemblies / Сборки,"Контекст, конфигурации и проверка",Create Arrangement,Создать положение,C>C>C>R,assembly,1,0,,execute_command,unresolved,no,,blocked_unresolved_disabled
nx2512-04-L0427,K3,assembly,4,Assemblies / Сборки,"Контекст, конфигурации и проверка",Assembly Sequence,Последовательность сборки,C>C>A>S,assembly,1,0,,execute_command,unresolved,no,,blocked_unresolved_disabled
nx2512-04-L0428,K4,assembly,4,Assemblies / Сборки,"Контекст, конфигурации и проверка",Exploded View,Разнесённый вид,V>C>E>V,assembly,1,0,,execute_command,unresolved,no,,blocked_unresolved_disabled
nx2512-04-L0429,K4,assembly,4,Assemblies / Сборки,"Контекст, конфигурации и проверка",Edit Explosion,Редактировать разнесение,E>C>E>E,assembly,1,0,,execute_command,unresolved,no,,blocked_unresolved_disabled
nx2512-04-L0430,K4,assembly,4,Assemblies / Сборки,"Контекст, конфигурации и проверка",Suppress Component,Подавить компонент,X>C>S>C,assembly,1,1,UG_SEL_COMPONENT_PRIORITY,set_selection_filter,(none),no,UG_SEL_COMPONENT_PRIORITY,button_id_present_in_bootstrap_runtime_but_not_traceable_to_885
nx2512-04-L0431,K4,assembly,4,Assemblies / Сборки,"Контекст, конфигурации и проверка",Component Groups,Группы компонентов,M>C>C>G,assembly,1,1,UG_SEL_COMPONENT_PRIORITY,set_selection_filter,(none),no,UG_SEL_COMPONENT_PRIORITY,button_id_present_in_bootstrap_runtime_but_not_traceable_to_885
nx2512-04-L0432,K3,assembly,4,Assemblies / Сборки,"Контекст, конфигурации и проверка",Assembly Family,Семейство сборки,C>C>A>F,assembly,1,0,,execute_command,unresolved,no,,blocked_unresolved_disabled
nx2512-04-L0433,K3,assembly,4,Assemblies / Сборки,"Контекст, конфигурации и проверка",Product Configurator,Конфигуратор изделия,C>C>P>C,assembly,1,0,,execute_command,unresolved,no,,blocked_unresolved_disabled
nx2512-04-L0434,K4,assembly,4,Assemblies / Сборки,"Контекст, конфигурации и проверка",Clearance Analysis,Анализ зазоров,I>C>C>A,assembly,1,0,,execute_command,unresolved,no,,blocked_unresolved_disabled
nx2512-04-L0435,K5,assembly,4,Assemblies / Сборки,"Контекст, конфигурации и проверка",Interference Check,Проверка пересечений,I>C>I>C,assembly,1,0,,execute_command,unresolved,no,,blocked_unresolved_disabled
nx2512-04-L0436,K3,assembly,4,Assemblies / Сборки,"Контекст, конфигурации и проверка",Assembly Weight,Масса сборки,C>C>A>W,assembly,1,0,,execute_command,unresolved,no,,blocked_unresolved_disabled
nx2512-04-L0437,K4,assembly,4,Assemblies / Сборки,"Контекст, конфигурации и проверка",Component Where-Used,Где используется,C>C>C>W,assembly,1,1,UG_SEL_COMPONENT_PRIORITY,set_selection_filter,(none),no,UG_SEL_COMPONENT_PRIORITY,button_id_present_in_bootstrap_runtime_but_not_traceable_to_885
nx2512-04-L0438,K3,assembly,4,Assemblies / Сборки,"Контекст, конфигурации и проверка",Assembly Load Options,Параметры загрузки,C>C>A>L,assembly,1,0,,execute_command,unresolved,no,,blocked_unresolved_disabled
nx2512-04-L0439,K3,assembly,4,Assemblies / Сборки,"Контекст, конфигурации и проверка",Lightweight Representation,Облегчённое представление,C>C>L>R,assembly,1,0,,execute_command,unresolved,no,,blocked_unresolved_disabled
nx2512-04-L0440,K3,assembly,4,Assemblies / Сборки,"Контекст, конфигурации и проверка",Assembly Revisions,Ревизии сборки,C>C>A>M,assembly,1,0,,execute_command,unresolved,no,,blocked_unresolved_disabled
nx2512-05-L0445,K4,drafting,5,Drafting / Черчение,Листы и виды,New Drawing,Новый чертёж,C>V>N>D,drafting,1,1,UG_FILE_NEW,execute_command,resolved,no,,compiled_enabled_not_installed_in_managed_runtime
nx2512-05-L0446,K4,drafting,5,Drafting / Черчение,Листы и виды,Drawing Sheet,Лист,C>V>D>S,drafting,1,0,,execute_command,unresolved,no,,blocked_unresolved_disabled
nx2512-05-L0447,K3,drafting,5,Drafting / Черчение,Листы и виды,Sheet from Template,Лист по шаблону,C>V>S>T,drafting,1,0,,execute_command,unresolved,no,,blocked_unresolved_disabled
nx2512-05-L0448,K5,drafting,5,Drafting / Черчение,Листы и виды,Base View,Базовый вид,C>V>B>V,drafting,1,1,UG_DRAFTING_BASE_VIEW,execute_command,(none),no,UG_DRAFTING_BASE_VIEW,button_id_present_in_bootstrap_runtime_but_not_traceable_to_885
nx2512-05-L0449,K5,drafting,5,Drafting / Черчение,Листы и виды,Projected View,Проекционный вид,C>V>P>V,drafting,1,1,UG_DRAFTING_PROJECTED_VIEW,execute_command,(none),no,UG_DRAFTING_PROJECTED_VIEW,button_id_present_in_bootstrap_runtime_but_not_traceable_to_885
nx2512-05-L0450,K4,drafting,5,Drafting / Черчение,Листы и виды,Auxiliary View,Дополнительный вид,V>V>A>V,drafting,1,0,,execute_command,unresolved,no,,blocked_unresolved_disabled
nx2512-05-L0451,K5,drafting,5,Drafting / Черчение,Листы и виды,Section View,Разрез,C>V>S>V,drafting,1,1,UG_DRAFTING_SECTION_VIEW,execute_command,(none),no,UG_DRAFTING_SECTION_VIEW,button_id_present_in_bootstrap_runtime_but_not_traceable_to_885
nx2512-05-L0452,K4,drafting,5,Drafting / Черчение,Листы и виды,Half Section,Полуразрез,C>A>H>S,drafting,1,0,,execute_command,unresolved,no,,blocked_unresolved_disabled
nx2512-05-L0453,K4,drafting,5,Drafting / Черчение,Листы и виды,Revolved Section,Поворотный разрез,C>A>R>S,drafting,1,0,,execute_command,unresolved,no,,blocked_unresolved_disabled
nx2512-05-L0454,K4,drafting,5,Drafting / Черчение,Листы и виды,Detail View,Местный вид,V>V>D>V,drafting,1,1,UG_DRAFTING_DETAIL_VIEW,execute_command,(none),no,UG_DRAFTING_DETAIL_VIEW,button_id_present_in_bootstrap_runtime_but_not_traceable_to_885
nx2512-05-L0455,K4,drafting,5,Drafting / Черчение,Листы и виды,Break-out Section,Местный разрез,C>A>B>O,drafting,1,0,,execute_command,unresolved,no,,blocked_unresolved_disabled
nx2512-05-L0456,K4,drafting,5,Drafting / Черчение,Листы и виды,Broken View,Вид с разрывом,V>V>B>V,drafting,1,0,,execute_command,unresolved,no,,blocked_unresolved_disabled
nx2512-05-L0457,K4,drafting,5,Drafting / Черчение,Листы и виды,View Break,Разрыв вида,V>V>V>B,drafting,1,0,,execute_command,unresolved,no,,blocked_unresolved_disabled
nx2512-05-L0458,K4,drafting,5,Drafting / Черчение,Листы и виды,View Dependent Edit,Зависимое редактирование вида,V>V>V>D,drafting,1,0,,execute_command,unresolved,no,,blocked_unresolved_disabled
nx2512-05-L0459,K5,drafting,5,Drafting / Черчение,Листы и виды,Edit View,Редактировать вид,V>V>E>V,drafting,1,0,,execute_command,unresolved,no,,blocked_unresolved_disabled
nx2512-05-L0460,K5,drafting,5,Drafting / Черчение,Листы и виды,Update Views,Обновить виды,V>V>U>V,drafting,1,1,UG_DRAFTING_UPDATE_VIEWS,execute_command,(none),no,UG_DRAFTING_UPDATE_VIEWS,button_id_present_in_bootstrap_runtime_but_not_traceable_to_885
nx2512-05-L0461,K4,drafting,5,Drafting / Черчение,Листы и виды,Align Views,Выровнять виды,V>V>A>L,drafting,1,0,,execute_command,unresolved,no,,blocked_unresolved_disabled
nx2512-05-L0462,K4,drafting,5,Drafting / Черчение,Листы и виды,Move View,Переместить вид,V>V>M>V,drafting,1,0,,execute_command,unresolved,no,,blocked_unresolved_disabled
nx2512-05-L0463,K4,drafting,5,Drafting / Черчение,Листы и виды,Copy View,Копировать вид,V>V>C>V,drafting,1,1,UG_EDIT_COPY,execute_command,resolved,no,,compiled_enabled_not_installed_in_managed_runtime
nx2512-05-L0464,K4,drafting,5,Drafting / Черчение,Листы и виды,Delete View,Удалить вид,V>V>D>E,drafting,1,1,UG_EDIT_DELETE,execute_command,resolved,no,,compiled_enabled_not_installed_in_managed_runtime
nx2512-05-L0465,K4,drafting,5,Drafting / Черчение,Листы и виды,View Boundary,Граница вида,V>V>V>I,drafting,1,0,,execute_command,unresolved,no,,blocked_unresolved_disabled
nx2512-05-L0466,K4,drafting,5,Drafting / Черчение,Листы и виды,View Style,Стиль вида,V>V>V>S,drafting,1,1,UG_DRAFTING_VIEW_STYLE,execute_command,(none),no,UG_DRAFTING_VIEW_STYLE,button_id_present_in_bootstrap_runtime_but_not_traceable_to_885
nx2512-05-L0467,K3,drafting,5,Drafting / Черчение,Листы и виды,Hidden Line Settings,Скрытые линии,M>A>H>L,drafting,1,0,,execute_command,unresolved,no,,blocked_unresolved_disabled
nx2512-05-L0468,K4,drafting,5,Drafting / Черчение,Листы и виды,Layer Visible in View,Слои в виде,V>V>L>V,drafting,1,1,UG_LAYER_VIEW,execute_command,resolved,no,UG_LAYER_VIEW,button_id_present_in_bootstrap_runtime_but_not_traceable_to_885
nx2512-05-L0469,K4,drafting,5,Drafting / Черчение,Листы и виды,Drawing View Wizard,Мастер видов,V>V>D>R,drafting,1,0,,execute_command,unresolved,no,,blocked_unresolved_disabled
nx2512-05-L0472,K5,drafting,5,Drafting / Черчение,Размеры,Rapid Dimension,Быстрый размер,A>D>R>D,drafting,1,1,UG_DRAFTING_RAPID_DIMENSION,execute_command,(none),no,UG_DRAFTING_RAPID_DIMENSION,button_id_present_in_bootstrap_runtime_but_not_traceable_to_885
nx2512-05-L0473,K4,drafting,5,Drafting / Черчение,Размеры,Horizontal Dimension,Горизонтальный,A>D>H>D,drafting,1,0,,execute_command,unresolved,no,,blocked_unresolved_disabled
nx2512-05-L0474,K4,drafting,5,Drafting / Черчение,Размеры,Vertical Dimension,Вертикальный,A>D>V>D,drafting,1,0,,execute_command,unresolved,no,,blocked_unresolved_disabled
nx2512-05-L0475,K4,drafting,5,Drafting / Черчение,Размеры,Parallel Dimension,Параллельный,A>D>P>D,drafting,1,0,,execute_command,unresolved,no,,blocked_unresolved_disabled
nx2512-05-L0476,K4,drafting,5,Drafting / Черчение,Размеры,Perpendicular Dimension,Перпендикулярный,A>D>P>E,drafting,1,0,,execute_command,unresolved,no,,blocked_unresolved_disabled
nx2512-05-L0477,K4,drafting,5,Drafting / Черчение,Размеры,Angular Dimension,Угловой,A>D>A>D,drafting,1,0,,execute_command,unresolved,no,,blocked_unresolved_disabled
nx2512-05-L0478,K4,drafting,5,Drafting / Черчение,Размеры,Radial Dimension,Радиальный,A>D>R>A,drafting,1,0,,execute_command,unresolved,no,,blocked_unresolved_disabled
nx2512-05-L0479,K4,drafting,5,Drafting / Черчение,Размеры,Diameter Dimension,Диаметральный,A>D>D>D,drafting,1,0,,execute_command,unresolved,no,,blocked_unresolved_disabled
nx2512-05-L0480,K4,drafting,5,Drafting / Черчение,Размеры,Chamfer Dimension,Размер фаски,A>D>C>D,drafting,1,1,UG_MODELING_CHAMFER_FEATURE,execute_command,resolved,no,UG_MODELING_CHAMFER_FEATURE,button_id_present_in_bootstrap_runtime_but_not_traceable_to_885
nx2512-05-L0481,K4,drafting,5,Drafting / Черчение,Размеры,Arc Length Dimension,Длина дуги,A>D>A>L,drafting,1,0,,execute_command,unresolved,no,,blocked_unresolved_disabled
nx2512-05-L0482,K4,drafting,5,Drafting / Черчение,Размеры,Ordinate Dimension,Ординатный размер,A>D>O>D,drafting,1,0,,execute_command,unresolved,no,,blocked_unresolved_disabled
nx2512-05-L0483,K4,drafting,5,Drafting / Черчение,Размеры,Baseline Dimension,Базовый размер,A>D>B>D,drafting,1,0,,execute_command,unresolved,no,,blocked_unresolved_disabled
nx2512-05-L0484,K4,drafting,5,Drafting / Черчение,Размеры,Chain Dimension,Цепной размер,A>D>C>H,drafting,1,0,,execute_command,unresolved,no,,blocked_unresolved_disabled
nx2512-05-L0485,K4,drafting,5,Drafting / Черчение,Размеры,Coordinate Dimension,Координатный,A>D>C>O,drafting,1,0,,execute_command,unresolved,no,,blocked_unresolved_disabled
nx2512-05-L0486,K4,drafting,5,Drafting / Черчение,Размеры,Hole Dimension,Размер отверстия,A>D>H>O,drafting,1,1,UG_MODELING_HOLE_FEATURE,execute_command,resolved,no,UG_MODELING_HOLE_FEATURE,button_id_present_in_bootstrap_runtime_but_not_traceable_to_885
nx2512-05-L0487,K4,drafting,5,Drafting / Черчение,Размеры,Feature Parameters,Параметры элемента,C>A>F>P,drafting,1,1,UG_SEL_FEATURE_PRIORITY,set_selection_filter,(none),no,UG_SEL_FEATURE_PRIORITY,button_id_present_in_bootstrap_runtime_but_not_traceable_to_885
nx2512-05-L0488,K4,drafting,5,Drafting / Черчение,Размеры,Retrieve Dimensions,Извлечь размеры модели,A>D>R>E,drafting,1,0,,execute_command,unresolved,no,,blocked_unresolved_disabled
nx2512-05-L0489,K4,drafting,5,Drafting / Черчение,Размеры,Reassociate Dimension,Перепривязать размер,A>D>R>S,drafting,1,0,,execute_command,unresolved,no,,blocked_unresolved_disabled
nx2512-05-L0490,K3,drafting,5,Drafting / Черчение,Размеры,Convert to Reference,Справочный размер,E>A>C>R,drafting,1,0,,execute_command,unresolved,no,,blocked_unresolved_disabled
nx2512-05-L0491,K4,drafting,5,Drafting / Черчение,Размеры,Edit Dimension,Редактировать размер,A>D>E>D,drafting,1,0,,execute_command,unresolved,no,,blocked_unresolved_disabled
nx2512-05-L0494,K5,drafting,5,Drafting / Черчение,Аннотации и таблицы,Note,Примечание,A>A>N>O,drafting,1,1,UG_PMI_NOTE,execute_command,resolved,no,UG_PMI_NOTE,button_id_present_in_bootstrap_runtime_but_not_traceable_to_885
nx2512-05-L0495,K3,drafting,5,Drafting / Черчение,Аннотации и таблицы,Label,Выноска,A>A>L>A,drafting,1,0,,execute_command,unresolved,no,,blocked_unresolved_disabled
nx2512-05-L0496,K3,drafting,5,Drafting / Черчение,Аннотации и таблицы,ID Symbol,Позиционное обозначение,A>A>I>S,drafting,1,0,,execute_command,unresolved,no,,blocked_unresolved_disabled
nx2512-05-L0497,K3,drafting,5,Drafting / Черчение,Аннотации и таблицы,Balloon,Позиция,A>A>B>A,drafting,1,0,,execute_command,unresolved,no,,blocked_unresolved_disabled
nx2512-05-L0498,K4,drafting,5,Drafting / Черчение,Аннотации и таблицы,Datum Feature Symbol,Обозначение базы,A>A>D>F,drafting,1,1,UG_PMI_DATUM_FEATURE_SYMBOL,execute_command,resolved,no,UG_PMI_DATUM_FEATURE_SYMBOL,button_id_present_in_bootstrap_runtime_but_not_traceable_to_885
nx2512-05-L0499,K4,drafting,5,Drafting / Черчение,Аннотации и таблицы,Feature Control Frame,Рамка допуска формы и расположения,C>A>F>C,drafting,1,1,UG_PMI_FEATURE_CONTROL_FRAME,execute_command,resolved,no,UG_PMI_FEATURE_CONTROL_FRAME,button_id_present_in_bootstrap_runtime_but_not_traceable_to_885
nx2512-05-L0500,K4,drafting,5,Drafting / Черчение,Аннотации и таблицы,Surface Finish Symbol,Шероховатость,A>A>S>F,drafting,1,1,UG_PMI_SURFACE_FINISH,execute_command,resolved,no,UG_PMI_SURFACE_FINISH,button_id_present_in_bootstrap_runtime_but_not_traceable_to_885
nx2512-05-L0501,K3,drafting,5,Drafting / Черчение,Аннотации и таблицы,Weld Symbol,Обозначение сварки,A>A>W>S,drafting,1,0,,execute_command,unresolved,no,,blocked_unresolved_disabled
nx2512-05-L0502,K3,drafting,5,Drafting / Черчение,Аннотации и таблицы,Centerline,Осевая линия,A>A>C>E,drafting,1,0,,execute_command,unresolved,no,,blocked_unresolved_disabled
nx2512-05-L0503,K3,drafting,5,Drafting / Черчение,Аннотации и таблицы,Center Mark,Центровая метка,A>A>C>M,drafting,1,0,,execute_command,unresolved,no,,blocked_unresolved_disabled
nx2512-05-L0504,K3,drafting,5,Drafting / Черчение,Аннотации и таблицы,Bolt Circle Centerline,Осевая окружности отверстий,A>A>B>C,drafting,1,0,,execute_command,unresolved,no,,blocked_unresolved_disabled
nx2512-05-L0505,K3,drafting,5,Drafting / Черчение,Аннотации и таблицы,Intersection Symbol,Символ пересечения,A>A>I>N,drafting,1,0,,execute_command,unresolved,no,,blocked_unresolved_disabled
nx2512-05-L0506,K3,drafting,5,Drafting / Черчение,Аннотации и таблицы,Custom Symbol,Пользовательский символ,A>A>C>S,drafting,1,0,,execute_command,unresolved,no,,blocked_unresolved_disabled
nx2512-05-L0507,K3,drafting,5,Drafting / Черчение,Аннотации и таблицы,Tabular Note,Табличное примечание,A>A>T>N,drafting,1,0,,execute_command,unresolved,no,,blocked_unresolved_disabled
nx2512-05-L0508,K5,drafting,5,Drafting / Черчение,Аннотации и таблицы,Parts List,Спецификация,A>T>P>L,drafting,1,1,UG_DRAFTING_PARTS_LIST,execute_command,(none),no,UG_DRAFTING_PARTS_LIST,button_id_present_in_bootstrap_runtime_but_not_traceable_to_885
nx2512-05-L0509,K3,drafting,5,Drafting / Черчение,Аннотации и таблицы,Hole Table,Таблица отверстий,A>T>H>T,drafting,1,1,UG_MODELING_HOLE_FEATURE,execute_command,resolved,no,UG_MODELING_HOLE_FEATURE,button_id_present_in_bootstrap_runtime_but_not_traceable_to_885
nx2512-05-L0510,K3,drafting,5,Drafting / Черчение,Аннотации и таблицы,Revision Table,Таблица изменений,A>T>R>T,drafting,1,0,,execute_command,unresolved,no,,blocked_unresolved_disabled
nx2512-05-L0511,K3,drafting,5,Drafting / Черчение,Аннотации и таблицы,Title Block,Основная надпись,A>T>T>B,drafting,1,0,,execute_command,unresolved,no,,blocked_unresolved_disabled
nx2512-05-L0512,K3,drafting,5,Drafting / Черчение,Аннотации и таблицы,Populate Title Block,Заполнить штамп,A>T>P>T,drafting,1,0,,execute_command,unresolved,no,,blocked_unresolved_disabled
nx2512-05-L0513,K4,drafting,5,Drafting / Черчение,Аннотации и таблицы,Edit Annotation,Редактировать аннотацию,A>A>E>A,drafting,1,0,,execute_command,unresolved,no,,blocked_unresolved_disabled
nx2512-05-L0514,K3,drafting,5,Drafting / Черчение,Аннотации и таблицы,Distribute Annotations,Распределить аннотации,A>A>D>A,drafting,1,0,,execute_command,unresolved,no,,blocked_unresolved_disabled
nx2512-05-L0519,K4,drafting,5,Drafting / Черчение,Оформление и вывод,Edit Settings,Изменить настройки объекта,E>A>E>S,drafting,1,0,,execute_command,unresolved,no,,blocked_unresolved_disabled
nx2512-05-L0520,K3,drafting,5,Drafting / Черчение,Оформление и вывод,Inherit Settings,Наследовать настройки,E>A>I>S,drafting,1,0,,execute_command,unresolved,no,,blocked_unresolved_disabled
nx2512-05-L0521,K4,drafting,5,Drafting / Черчение,Оформление и вывод,Drawing Automation,Автоматизация чертежа,C>V>D>A,drafting,1,0,,execute_command,unresolved,no,,blocked_unresolved_disabled
nx2512-05-L0522,K4,drafting,5,Drafting / Черчение,Оформление и вывод,Drawing Creation Wizard,Мастер чертежа,C>V>D>C,drafting,1,0,,execute_command,unresolved,no,,blocked_unresolved_disabled
nx2512-05-L0523,K4,drafting,5,Drafting / Черчение,Оформление и вывод,Convert to PMI,Преобразовать в PMI,A>A>C>P,drafting,1,1,UG_APP_PMI,execute_command,resolved,no,,compiled_enabled_not_installed_in_managed_runtime
nx2512-05-L0524,K4,drafting,5,Drafting / Черчение,Оформление и вывод,Smash Drawing View,Разрушить вид,V>V>S>D,drafting,1,0,,execute_command,unresolved,no,,blocked_unresolved_disabled
nx2512-05-L0525,K4,drafting,5,Drafting / Черчение,Оформление и вывод,Move to Drawing View,Переместить в вид,V>V>M>D,drafting,1,0,,execute_command,unresolved,no,,blocked_unresolved_disabled
nx2512-05-L0526,K4,drafting,5,Drafting / Черчение,Оформление и вывод,Export PDF,Экспорт PDF,C>A>E>P,drafting,1,0,,execute_command,unresolved,no,,blocked_unresolved_disabled
nx2512-05-L0527,K4,drafting,5,Drafting / Черчение,Оформление и вывод,Export DXF/DWG,Экспорт DXF/DWG,C>A>E>D,drafting,1,0,,execute_command,unresolved,no,,blocked_unresolved_disabled
nx2512-05-L0528,K3,drafting,5,Drafting / Черчение,Оформление и вывод,Plot,Печать чертежа,C>A>P>L,drafting,1,0,,execute_command,unresolved,no,,blocked_unresolved_disabled
nx2512-06-L0533,K4,pmi,6,PMI / Model Based Definition,"Размеры, GD&T и аннотации",PMI Rapid Dimension,Быстрый PMI-размер,A>A>P>R,pmi,1,0,,execute_command,ambiguous,no,,blocked_ambiguous_disabled
nx2512-06-L0534,K4,pmi,6,PMI / Model Based Definition,"Размеры, GD&T и аннотации",PMI Linear Dimension,Линейный PMI,A>A>P>L,pmi,1,0,,execute_command,ambiguous,no,,blocked_ambiguous_disabled
nx2512-06-L0535,K4,pmi,6,PMI / Model Based Definition,"Размеры, GD&T и аннотации",PMI Angular Dimension,Угловой PMI,A>A>P>A,pmi,1,1,UG_APP_PMI,execute_command,resolved,no,,compiled_enabled_not_installed_in_managed_runtime
nx2512-06-L0536,K4,pmi,6,PMI / Model Based Definition,"Размеры, GD&T и аннотации",PMI Radial Dimension,Радиальный PMI,A>A>P>M,pmi,1,1,UG_APP_PMI,execute_command,resolved,no,,compiled_enabled_not_installed_in_managed_runtime
nx2512-06-L0537,K4,pmi,6,PMI / Model Based Definition,"Размеры, GD&T и аннотации",PMI Ordinate Dimension,Ординатный PMI,A>A>P>O,pmi,1,1,UG_APP_PMI,execute_command,resolved,no,,compiled_enabled_not_installed_in_managed_runtime
nx2512-06-L0538,K4,pmi,6,PMI / Model Based Definition,"Размеры, GD&T и аннотации",Feature Control Frame,Геометрический допуск,A>A>F>C,pmi,1,1,UG_PMI_FEATURE_CONTROL_FRAME,execute_command,(none),no,UG_PMI_FEATURE_CONTROL_FRAME,button_id_present_in_bootstrap_runtime_but_not_traceable_to_885
nx2512-06-L0539,K4,pmi,6,PMI / Model Based Definition,"Размеры, GD&T и аннотации",Datum Feature Symbol,Обозначение базы,A>A>D>F,pmi,1,1,UG_PMI_DATUM_FEATURE_SYMBOL,execute_command,(none),no,UG_PMI_DATUM_FEATURE_SYMBOL,button_id_present_in_bootstrap_runtime_but_not_traceable_to_885
nx2512-06-L0540,K3,pmi,6,PMI / Model Based Definition,"Размеры, GD&T и аннотации",Datum Target,Целевая база,A>A>D>T,pmi,1,0,,execute_command,unresolved,no,,blocked_unresolved_disabled
nx2512-06-L0541,K4,pmi,6,PMI / Model Based Definition,"Размеры, GD&T и аннотации",Surface Finish,Шероховатость,A>A>S>F,pmi,1,1,UG_PMI_SURFACE_FINISH,execute_command,(none),no,UG_PMI_SURFACE_FINISH,button_id_present_in_bootstrap_runtime_but_not_traceable_to_885
nx2512-06-L0542,K3,pmi,6,PMI / Model Based Definition,"Размеры, GD&T и аннотации",Weld Symbol,Сварной шов,A>A>W>S,pmi,1,0,,execute_command,unresolved,no,,blocked_unresolved_disabled
nx2512-06-L0543,K3,pmi,6,PMI / Model Based Definition,"Размеры, GD&T и аннотации",Hole Callout,Обозначение отверстия,A>A>H>C,pmi,1,1,UG_MODELING_HOLE_FEATURE,execute_command,resolved,no,UG_MODELING_HOLE_FEATURE,button_id_present_in_bootstrap_runtime_but_not_traceable_to_885
nx2512-06-L0544,K3,pmi,6,PMI / Model Based Definition,"Размеры, GD&T и аннотации",Coordinate Note,Координатная надпись,A>A>C>N,pmi,1,0,,execute_command,unresolved,no,,blocked_unresolved_disabled
nx2512-06-L0545,K4,pmi,6,PMI / Model Based Definition,"Размеры, GD&T и аннотации",PMI Note,PMI-примечание,A>A>P>N,pmi,1,1,UG_PMI_NOTE,execute_command,(none),no,UG_PMI_NOTE,button_id_present_in_bootstrap_runtime_but_not_traceable_to_885
nx2512-06-L0546,K4,pmi,6,PMI / Model Based Definition,"Размеры, GD&T и аннотации",PMI Label,PMI-выноска,A>A>P>I,pmi,1,1,UG_APP_PMI,execute_command,resolved,no,,compiled_enabled_not_installed_in_managed_runtime
nx2512-06-L0547,K4,pmi,6,PMI / Model Based Definition,"Размеры, GD&T и аннотации",PMI Symbol,PMI-символ,A>A>P>S,pmi,1,1,UG_APP_PMI,execute_command,resolved,no,,compiled_enabled_not_installed_in_managed_runtime
nx2512-06-L0550,K4,pmi,6,PMI / Model Based Definition,"Виды, организация и контроль",Model View,Вид модели,A>V>M>V,pmi,1,1,UG_PMI_MODEL_VIEW,execute_command,(none),no,UG_PMI_MODEL_VIEW,button_id_present_in_bootstrap_runtime_but_not_traceable_to_885
nx2512-06-L0551,K4,pmi,6,PMI / Model Based Definition,"Виды, организация и контроль",Section Model View,Секущий вид модели,A>V>S>M,pmi,1,1,UG_PMI_MODEL_VIEW,execute_command,(none),no,UG_PMI_MODEL_VIEW,button_id_present_in_bootstrap_runtime_but_not_traceable_to_885
nx2512-06-L0552,K3,pmi,6,PMI / Model Based Definition,"Виды, организация и контроль",Annotation Plane,Плоскость аннотации,A>A>A>P,pmi,1,0,,execute_command,unresolved,no,,blocked_unresolved_disabled
nx2512-06-L0553,K3,pmi,6,PMI / Model Based Definition,"Виды, организация и контроль",Automatic Annotation Plane,Автоплоскость аннотаций,A>A>A>A,pmi,1,0,,execute_command,unresolved,no,,blocked_unresolved_disabled
nx2512-06-L0554,K4,pmi,6,PMI / Model Based Definition,"Виды, организация и контроль",Model View Prediction,Предсказание вида модели,A>V>M>O,pmi,1,1,UG_PMI_MODEL_VIEW,execute_command,(none),no,UG_PMI_MODEL_VIEW,button_id_present_in_bootstrap_runtime_but_not_traceable_to_885
nx2512-06-L0555,K4,pmi,6,PMI / Model Based Definition,"Виды, организация и контроль",Align PMI,Выровнять PMI,A>A>A>L,pmi,1,1,UG_APP_PMI,execute_command,resolved,no,,compiled_enabled_not_installed_in_managed_runtime
nx2512-06-L0556,K4,pmi,6,PMI / Model Based Definition,"Виды, организация и контроль",Organize PMI,Организовать PMI,A>A>O>P,pmi,1,1,UG_APP_PMI,execute_command,resolved,no,,compiled_enabled_not_installed_in_managed_runtime
nx2512-06-L0557,K4,pmi,6,PMI / Model Based Definition,"Виды, организация и контроль",Filter PMI,Фильтр PMI,S>S>F>P,pmi,1,1,UG_APP_PMI,execute_command,resolved,no,,compiled_enabled_not_installed_in_managed_runtime
nx2512-06-L0558,K4,pmi,6,PMI / Model Based Definition,"Виды, организация и контроль",Publish PMI,Опубликовать PMI,A>A>P>P,pmi,1,1,UG_APP_PMI,execute_command,resolved,no,,compiled_enabled_not_installed_in_managed_runtime
nx2512-06-L0559,K4,pmi,6,PMI / Model Based Definition,"Виды, организация и контроль",Convert Drafting to PMI,Перенести чертёжные аннотации,A>A>C>D,pmi,1,0,,execute_command,ambiguous,no,,blocked_ambiguous_disabled
nx2512-06-L0560,K3,pmi,6,PMI / Model Based Definition,"Виды, организация и контроль",Model-Based Characteristics,Модельные характеристики,A>A>M>B,pmi,1,0,,execute_command,unresolved,no,,blocked_unresolved_disabled
nx2512-06-L0561,K3,pmi,6,PMI / Model Based Definition,"Виды, организация и контроль",NX Inspector,Инспектор,A>A>N>I,pmi,1,0,,execute_command,unresolved,no,,blocked_unresolved_disabled
nx2512-06-L0562,K3,pmi,6,PMI / Model Based Definition,"Виды, организация и контроль",Characteristics Navigator,Навигатор характеристик,A>A>C>H,pmi,1,0,,execute_command,unresolved,no,,blocked_unresolved_disabled
nx2512-06-L0563,K4,pmi,6,PMI / Model Based Definition,"Виды, организация и контроль",Assign Inspection Requirement,Назначить требование контроля,A>A>A>I,pmi,1,0,,execute_command,unresolved,no,,blocked_unresolved_disabled
nx2512-06-L0564,K4,pmi,6,PMI / Model Based Definition,"Виды, организация и контроль",Export QIF,Экспорт QIF,A>A>E>Q,pmi,1,0,,execute_command,unresolved,no,,blocked_unresolved_disabled
nx2512-06-L0565,K4,pmi,6,PMI / Model Based Definition,"Виды, организация и контроль",Export STEP AP242,Экспорт AP242,A>A>E>S,pmi,1,0,,execute_command,unresolved,no,,blocked_unresolved_disabled
nx2512-06-L0566,K4,pmi,6,PMI / Model Based Definition,"Виды, организация и контроль",PMI Validation,Проверка PMI,A>A>P>V,pmi,1,1,UG_APP_PMI,execute_command,resolved,no,,compiled_enabled_not_installed_in_managed_runtime
nx2512-06-L0567,K4,pmi,6,PMI / Model Based Definition,"Виды, организация и контроль",Semantic PMI Check,Проверка семантической PMI,A>A>S>P,pmi,1,1,UG_APP_PMI,execute_command,resolved,no,,compiled_enabled_not_installed_in_managed_runtime
nx2512-07-L0572,K3,sheet_metal,7,Sheet Metal / Листовой металл,Основные элементы,Tab,Пластина,C>H>T>A,sheet_metal,1,1,UG_SHEET_METAL_BASE_TAB,execute_command,(none),no,UG_SHEET_METAL_BASE_TAB,button_id_present_in_bootstrap_runtime_but_not_traceable_to_885
nx2512-07-L0573,K4,sheet_metal,7,Sheet Metal / Листовой металл,Основные элементы,Contour Flange,Контурный фланец,C>H>C>F,sheet_metal,1,1,UG_SHEET_METAL_CONTOUR_FLANGE,execute_command,(none),no,UG_SHEET_METAL_CONTOUR_FLANGE,button_id_present_in_bootstrap_runtime_but_not_traceable_to_885
nx2512-07-L0574,K4,sheet_metal,7,Sheet Metal / Листовой металл,Основные элементы,Flange,Фланец,C>H>F>L,sheet_metal,1,1,UG_SHEET_METAL_FLANGE,execute_command,(none),no,UG_SHEET_METAL_FLANGE,button_id_present_in_bootstrap_runtime_but_not_traceable_to_885
nx2512-07-L0575,K4,sheet_metal,7,Sheet Metal / Листовой металл,Основные элементы,Advanced Flange,Расширенный фланец,C>H>A>F,sheet_metal,1,1,UG_SHEET_METAL_FLANGE,execute_command,(none),no,UG_SHEET_METAL_FLANGE,button_id_present_in_bootstrap_runtime_but_not_traceable_to_885
nx2512-07-L0576,K3,sheet_metal,7,Sheet Metal / Листовой металл,Основные элементы,Jog,Z-гиб,C>H>J>O,sheet_metal,1,0,,execute_command,unresolved,no,,blocked_unresolved_disabled
nx2512-07-L0577,K4,sheet_metal,7,Sheet Metal / Листовой металл,Основные элементы,Bend,Гиб,C>H>B>E,sheet_metal,1,1,UG_SHEET_METAL_BEND,execute_command,(none),no,UG_SHEET_METAL_BEND,button_id_present_in_bootstrap_runtime_but_not_traceable_to_885
nx2512-07-L0578,K3,sheet_metal,7,Sheet Metal / Листовой металл,Основные элементы,Unbend,Разогнуть,E>H>U>N,sheet_metal,1,1,UG_SHEET_METAL_UNBEND,execute_command,(none),no,UG_SHEET_METAL_UNBEND,button_id_present_in_bootstrap_runtime_but_not_traceable_to_885
nx2512-07-L0579,K3,sheet_metal,7,Sheet Metal / Листовой металл,Основные элементы,Rebend,Согнуть обратно,E>H>R>E,sheet_metal,1,1,UG_SHEET_METAL_REBEND,execute_command,(none),no,UG_SHEET_METAL_REBEND,button_id_present_in_bootstrap_runtime_but_not_traceable_to_885
nx2512-07-L0580,K3,sheet_metal,7,Sheet Metal / Листовой металл,Основные элементы,Hem,Подгибка,C>H>H>E,sheet_metal,1,0,,execute_command,unresolved,no,,blocked_unresolved_disabled
nx2512-07-L0581,K3,sheet_metal,7,Sheet Metal / Листовой металл,Основные элементы,Closed Corner,Закрытый угол,C>H>C>C,sheet_metal,1,0,,execute_command,unresolved,no,,blocked_unresolved_disabled
nx2512-07-L0582,K4,sheet_metal,7,Sheet Metal / Листовой металл,Основные элементы,Three Bend Corner,Трёхгибный угол,C>H>T>B,sheet_metal,1,1,UG_SHEET_METAL_BEND,execute_command,(none),no,UG_SHEET_METAL_BEND,button_id_present_in_bootstrap_runtime_but_not_traceable_to_885
nx2512-07-L0583,K3,sheet_metal,7,Sheet Metal / Листовой металл,Основные элементы,Break Corner,Обработка угла,C>H>B>C,sheet_metal,1,0,,execute_command,unresolved,no,,blocked_unresolved_disabled
nx2512-07-L0584,K3,sheet_metal,7,Sheet Metal / Листовой металл,Основные элементы,Normal Cutout,Нормальный вырез,E>H>N>C,sheet_metal,1,0,,execute_command,unresolved,no,,blocked_unresolved_disabled
nx2512-07-L0585,K3,sheet_metal,7,Sheet Metal / Листовой металл,Основные элементы,Bead,Зиг,C>H>B>B,sheet_metal,1,0,,execute_command,unresolved,no,,blocked_unresolved_disabled
nx2512-07-L0586,K3,sheet_metal,7,Sheet Metal / Листовой металл,Основные элементы,Dimple,Выдавка,C>H>D>I,sheet_metal,1,0,,execute_command,unresolved,no,,blocked_unresolved_disabled
nx2512-07-L0587,K3,sheet_metal,7,Sheet Metal / Листовой металл,Основные элементы,Louver,Жалюзи,C>H>L>O,sheet_metal,1,0,,execute_command,unresolved,no,,blocked_unresolved_disabled
nx2512-07-L0588,K3,sheet_metal,7,Sheet Metal / Листовой металл,Основные элементы,Drawn Cutout,Вытяжной вырез,E>H>D>C,sheet_metal,1,0,,execute_command,unresolved,no,,blocked_unresolved_disabled
nx2512-07-L0589,K4,sheet_metal,7,Sheet Metal / Листовой металл,Основные элементы,Bridge Bend,Переходной гиб,C>H>B>R,sheet_metal,1,1,UG_SHEET_METAL_BEND,execute_command,(none),no,UG_SHEET_METAL_BEND,button_id_present_in_bootstrap_runtime_but_not_traceable_to_885
nx2512-07-L0592,K3,sheet_metal,7,Sheet Metal / Листовой металл,Преобразование и развёртка,Convert to Sheet Metal,Преобразовать в листовой металл,E>H>C>S,sheet_metal,1,1,UG_APP_SHEETMETAL,execute_command,resolved,no,,compiled_enabled_not_installed_in_managed_runtime
nx2512-07-L0593,K3,sheet_metal,7,Sheet Metal / Листовой металл,Преобразование и развёртка,Convert Utility,Утилита преобразования,E>H>C>U,sheet_metal,1,0,,execute_command,unresolved,no,,blocked_unresolved_disabled
nx2512-07-L0594,K4,sheet_metal,7,Sheet Metal / Листовой металл,Преобразование и развёртка,Recognize Bends,Распознать гибы,E>H>R>B,sheet_metal,1,0,,execute_command,unresolved,no,,blocked_unresolved_disabled
nx2512-07-L0595,K5,sheet_metal,7,Sheet Metal / Листовой металл,Преобразование и развёртка,Flat Pattern,Развёртка,P>H>F>P,sheet_metal,1,1,UG_SHEET_METAL_FLAT_PATTERN,execute_command,(none),no,UG_SHEET_METAL_FLAT_PATTERN,button_id_present_in_bootstrap_runtime_but_not_traceable_to_885
nx2512-07-L0596,K4,sheet_metal,7,Sheet Metal / Листовой металл,Преобразование и развёртка,Flat Solid,Плоское тело,C>H>F>S,sheet_metal,1,0,,execute_command,unresolved,no,,blocked_unresolved_disabled
nx2512-07-L0597,K4,sheet_metal,7,Sheet Metal / Листовой металл,Преобразование и развёртка,Export Flat Pattern,Экспорт развёртки,P>H>E>F,sheet_metal,1,1,UG_SHEET_METAL_FLAT_PATTERN,execute_command,(none),no,UG_SHEET_METAL_FLAT_PATTERN,button_id_present_in_bootstrap_runtime_but_not_traceable_to_885
nx2512-07-L0598,K3,sheet_metal,7,Sheet Metal / Листовой металл,Преобразование и развёртка,Analyze Formability,Анализ формуемости,I>H>A>F,sheet_metal,1,0,,execute_command,unresolved,no,,blocked_unresolved_disabled
nx2512-07-L0599,K4,sheet_metal,7,Sheet Metal / Листовой металл,Преобразование и развёртка,Bend Table,Таблица гибов,A>H>B>T,sheet_metal,1,1,UG_SHEET_METAL_BEND,execute_command,(none),no,UG_SHEET_METAL_BEND,button_id_present_in_bootstrap_runtime_but_not_traceable_to_885
nx2512-07-L0600,K4,sheet_metal,7,Sheet Metal / Листовой металл,Преобразование и развёртка,Material and Bend Parameters,Материал и параметры гиба,M>H>M>B,sheet_metal,1,1,UG_SHEET_METAL_BEND,execute_command,(none),no,UG_SHEET_METAL_BEND,button_id_present_in_bootstrap_runtime_but_not_traceable_to_885
nx2512-07-L0601,K4,sheet_metal,7,Sheet Metal / Листовой металл,Преобразование и развёртка,Resize Bend,Изменить гиб,E>H>R>S,sheet_metal,1,1,UG_SHEET_METAL_BEND,execute_command,(none),no,UG_SHEET_METAL_BEND,button_id_present_in_bootstrap_runtime_but_not_traceable_to_885
nx2512-07-L0602,K4,sheet_metal,7,Sheet Metal / Листовой металл,Преобразование и развёртка,Edit Bend Relief,Изменить разгрузку гиба,E>H>E>B,sheet_metal,1,1,UG_SHEET_METAL_BEND,execute_command,(none),no,UG_SHEET_METAL_BEND,button_id_present_in_bootstrap_runtime_but_not_traceable_to_885
nx2512-07-L0603,K4,sheet_metal,7,Sheet Metal / Листовой металл,Преобразование и развёртка,Edit Corner Relief,Изменить разгрузку угла,E>H>E>C,sheet_metal,1,0,,execute_command,unresolved,no,,blocked_unresolved_disabled
nx2512-07-L0604,K3,sheet_metal,7,Sheet Metal / Листовой металл,Преобразование и развёртка,Sheet Metal from Solid,Листовая деталь из тела,C>H>S>M,sheet_metal,1,1,UG_SBSM_SHEETMETAL_FROM_SOLID_FEATURE,execute_command,resolved,no,UG_SBSM_SHEETMETAL_FROM_SOLID_FEATURE,button_id_present_in_bootstrap_runtime_but_not_traceable_to_885
nx2512-07-L0605,K3,sheet_metal,7,Sheet Metal / Листовой металл,Преобразование и развёртка,Cleanup Sheet Metal,Очистка модели,C>H>C>S,sheet_metal,1,1,UG_APP_SHEETMETAL,execute_command,resolved,no,,compiled_enabled_not_installed_in_managed_runtime
nx2512-08-L0610,K3,assembly,8,Structure Designer / каркасные конструкции,Каркас и документация,Create Frame,Создать каркас,C>F>C>F,assembly,1,0,,execute_command,unresolved,no,,blocked_unresolved_disabled
nx2512-08-L0611,K3,assembly,8,Structure Designer / каркасные конструкции,Каркас и документация,Place Member,Разместить профиль,C>F>P>M,assembly,1,0,,execute_command,unresolved,no,,blocked_unresolved_disabled
nx2512-08-L0612,K3,assembly,8,Structure Designer / каркасные конструкции,Каркас и документация,Member Path,Траектория профиля,C>F>M>P,assembly,1,0,,execute_command,unresolved,no,,blocked_unresolved_disabled
nx2512-08-L0624,K3,assembly,8,Structure Designer / каркасные конструкции,Каркас и документация,Frame Drawing Assistant,Помощник чертежей каркаса,C>F>F>D,assembly,1,0,,execute_command,unresolved,no,,blocked_unresolved_disabled
nx2512-08-L0627,K3,assembly,8,Structure Designer / каркасные конструкции,Каркас и документация,Profile Library,Библиотека профилей,M>F>P>L,assembly,1,0,,execute_command,unresolved,no,,blocked_unresolved_disabled
nx2512-08-L0628,K3,assembly,8,Structure Designer / каркасные конструкции,Каркас и документация,Replace Profile,Заменить профиль,E>F>R>P,assembly,1,0,,execute_command,unresolved,no,,blocked_unresolved_disabled
nx2512-08-L0629,K3,assembly,8,Structure Designer / каркасные конструкции,Каркас и документация,Update Structure,Обновить конструкцию,P>F>U>S,assembly,1,0,,execute_command,unresolved,no,,blocked_unresolved_disabled
nx2512-09-L0634,K3,routing,9,Mechanical Routing / трубопроводы и трассы,Трассировка и документация,Create Route,Создать трассу,C>R>C>R,routing,1,1,UG_ROUTE_CREATE_ROUTE,execute_command,(none),no,UG_ROUTE_CREATE_ROUTE,button_id_present_in_bootstrap_runtime_but_not_traceable_to_885
nx2512-09-L0635,K3,routing,9,Mechanical Routing / трубопроводы и трассы,Трассировка и документация,Create Path,Создать путь,C>R>C>P,routing,1,0,,execute_command,unresolved,no,,blocked_unresolved_disabled
nx2512-09-L0636,K3,routing,9,Mechanical Routing / трубопроводы и трассы,Трассировка и документация,Route Segment,Сегмент трассы,C>R>R>S,routing,1,0,,execute_command,unresolved,no,,blocked_unresolved_disabled
nx2512-09-L0637,K3,routing,9,Mechanical Routing / трубопроводы и трассы,Трассировка и документация,Spline Path,Сплайн-трасса,C>R>S>P,routing,1,0,,execute_command,unresolved,no,,blocked_unresolved_disabled
nx2512-09-L0638,K3,routing,9,Mechanical Routing / трубопроводы и трассы,Трассировка и документация,Offset Path,Смещённый путь,T>R>O>P,routing,1,0,,execute_command,unresolved,no,,blocked_unresolved_disabled
nx2512-09-L0639,K3,routing,9,Mechanical Routing / трубопроводы и трассы,Трассировка и документация,Edit Path,Редактировать путь,E>R>E>P,routing,1,0,,execute_command,unresolved,no,,blocked_unresolved_disabled
nx2512-09-L0640,K3,routing,9,Mechanical Routing / трубопроводы и трассы,Трассировка и документация,Heal Path,Исправить путь,E>R>H>P,routing,1,0,,execute_command,unresolved,no,,blocked_unresolved_disabled
nx2512-09-L0643,K3,routing,9,Mechanical Routing / трубопроводы и трассы,Трассировка и документация,Assign Stock,Назначить заготовку,E>R>A>S,routing,1,0,,execute_command,unresolved,no,,blocked_unresolved_disabled
nx2512-09-L0644,K3,routing,9,Mechanical Routing / трубопроводы и трассы,Трассировка и документация,Place Part,Разместить деталь трассы,C>R>P>P,routing,1,1,UG_ROUTE_PLACE_PART,execute_command,(none),no,UG_ROUTE_PLACE_PART,button_id_present_in_bootstrap_runtime_but_not_traceable_to_885
nx2512-09-L0645,K3,routing,9,Mechanical Routing / трубопроводы и трассы,Трассировка и документация,Place Fitting,Разместить фитинг,V>R>P>F,routing,1,0,,execute_command,unresolved,no,,blocked_unresolved_disabled
nx2512-09-L0646,K3,routing,9,Mechanical Routing / трубопроводы и трассы,Трассировка и документация,Replace Part,Заменить деталь,E>R>R>P,routing,1,0,,execute_command,unresolved,no,,blocked_unresolved_disabled
nx2512-09-L0650,K3,routing,9,Mechanical Routing / трубопроводы и трассы,Трассировка и документация,Route Clearance,Проверка зазоров трассы,I>R>R>C,routing,1,0,,execute_command,unresolved,no,,blocked_unresolved_disabled
nx2512-09-L0651,K3,routing,9,Mechanical Routing / трубопроводы и трассы,Трассировка и документация,Minimum Bend Radius Check,Проверка радиуса гиба,I>R>M>B,routing,1,1,UG_SHEET_METAL_BEND,execute_command,resolved,no,UG_SHEET_METAL_BEND,button_id_present_in_bootstrap_runtime_but_not_traceable_to_885
nx2512-09-L0652,K3,routing,9,Mechanical Routing / трубопроводы и трассы,Трассировка и документация,Route Length,Длина трассы,C>R>R>L,routing,1,0,,execute_command,unresolved,no,,blocked_unresolved_disabled
nx2512-09-L0654,K3,routing,9,Mechanical Routing / трубопроводы и трассы,Трассировка и документация,Generate Centerline,Создать осевую,A>R>G>C,routing,1,0,,execute_command,unresolved,no,,blocked_unresolved_disabled
nx2512-09-L0655,K3,routing,9,Mechanical Routing / трубопроводы и трассы,Трассировка и документация,Flatten Route,Развернуть трассу,T>R>F>R,routing,1,0,,execute_command,unresolved,no,,blocked_unresolved_disabled
nx2512-09-L0656,K3,routing,9,Mechanical Routing / трубопроводы и трассы,Трассировка и документация,Routing Part Library,Библиотека деталей трассы,M>R>R>P,routing,1,1,UG_APP_ROUTING,execute_command,resolved,no,,compiled_enabled_not_installed_in_managed_runtime
nx2512-10-L0662,K3,routing,10,"Electrical Routing / кабели, жгуты и лотки",Кабели и провода,Create Connection,Создать соединение,C>R>C>C,routing,1,0,,execute_command,unresolved,no,,blocked_unresolved_disabled
nx2512-10-L0663,K3,routing,10,"Electrical Routing / кабели, жгуты и лотки",Кабели и провода,Assign Wire,Назначить провод,E>R>A>W,routing,1,0,,execute_command,unresolved,no,,blocked_unresolved_disabled
nx2512-10-L0664,K3,routing,10,"Electrical Routing / кабели, жгуты и лотки",Кабели и провода,Route Wire,Проложить провод,C>R>R>W,routing,1,0,,execute_command,unresolved,no,,blocked_unresolved_disabled
nx2512-10-L0665,K3,routing,10,"Electrical Routing / кабели, жгуты и лотки",Кабели и провода,Route Cable,Проложить кабель,C>R>R>C,routing,1,0,,execute_command,unresolved,no,,blocked_unresolved_disabled
nx2512-10-L0666,K3,routing,10,"Electrical Routing / кабели, жгуты и лотки",Кабели и провода,Create Bundle,Создать жгут,C>R>C>B,routing,1,0,,execute_command,unresolved,no,,blocked_unresolved_disabled
nx2512-10-L0670,K3,routing,10,"Electrical Routing / кабели, жгуты и лотки",Кабели и провода,Pin Assignment,Назначение контактов,E>R>P>A,routing,1,0,,execute_command,unresolved,no,,blocked_unresolved_disabled
nx2512-10-L0673,K3,routing,10,"Electrical Routing / кабели, жгуты и лотки",Кабели и провода,Harness Flattening,Развёртка жгута,T>R>H>F,routing,1,0,,execute_command,unresolved,no,,blocked_unresolved_disabled
nx2512-10-L0678,K3,routing,10,"Electrical Routing / кабели, жгуты и лотки",Кабельные лотки и интеграция NX 2512,Place Cable Trays,Разместить кабельные лотки,C>R>P>C,routing,1,0,,execute_command,unresolved,no,,blocked_unresolved_disabled
nx2512-10-L0679,K3,routing,10,"Electrical Routing / кабели, жгуты и лотки",Кабельные лотки и интеграция NX 2512,Automatic Tray Placement,Автоматическое размещение лотков,C>R>A>T,routing,1,0,,execute_command,unresolved,no,,blocked_unresolved_disabled
nx2512-10-L0680,K3,routing,10,"Electrical Routing / кабели, жгуты и лотки",Кабельные лотки и интеграция NX 2512,Tray Fill Check,Проверка заполнения,I>R>T>F,routing,1,0,,execute_command,unresolved,no,,blocked_unresolved_disabled
nx2512-11-L0689,K3,surface,11,Industrial Design / Shape Studio / Realize Shape,Subdivision и анализ формы,Create Subdivision Body,Создать subdivision-тело,C>U>C>S,surface,1,1,UG_SEL_BODY_PRIORITY,set_selection_filter,(none),no,UG_SEL_BODY_PRIORITY,button_id_present_in_bootstrap_runtime_but_not_traceable_to_885
nx2512-11-L0698,K3,surface,11,Industrial Design / Shape Studio / Realize Shape,Subdivision и анализ формы,Mirror Cage,Зеркало клетки,T>U>M>C,surface,1,0,,execute_command,unresolved,no,,blocked_unresolved_disabled
nx2512-11-L0702,K3,surface,11,Industrial Design / Shape Studio / Realize Shape,Subdivision и анализ формы,Reflection Analysis,Анализ отражений,I>U>R>A,surface,1,0,,execute_command,unresolved,no,,blocked_unresolved_disabled
nx2512-11-L0704,K3,surface,11,Industrial Design / Shape Studio / Realize Shape,Subdivision и анализ формы,Curvature Analysis,Анализ кривизны,I>U>C>A,surface,1,0,,execute_command,unresolved,no,,blocked_unresolved_disabled
nx2512-11-L0705,K3,surface,11,Industrial Design / Shape Studio / Realize Shape,Subdivision и анализ формы,Draft Analysis,Анализ уклонов,I>U>D>A,surface,1,0,,execute_command,unresolved,no,,blocked_unresolved_disabled
nx2512-11-L0706,K3,surface,11,Industrial Design / Shape Studio / Realize Shape,Subdivision и анализ формы,Deviation Analysis,Анализ отклонений,I>U>D>E,surface,1,0,,execute_command,unresolved,no,,blocked_unresolved_disabled
nx2512-11-L0707,K3,surface,11,Industrial Design / Shape Studio / Realize Shape,Subdivision и анализ формы,Section Analysis,Анализ сечений,I>U>S>A,surface,1,0,,execute_command,unresolved,no,,blocked_unresolved_disabled
nx2512-12-L0716,K3,mold,12,Mold Wizard / проектирование пресс-форм,Подготовка и разъём,Define Workpiece,Определить заготовку,E>M>D>W,mold,1,0,,execute_command,unresolved,no,,blocked_unresolved_disabled
nx2512-12-L0720,K3,mold,12,Mold Wizard / проектирование пресс-форм,Подготовка и разъём,Draft Analysis,Анализ уклонов,I>M>D>A,mold,1,0,,execute_command,unresolved,no,,blocked_unresolved_disabled
nx2512-12-L0721,K3,mold,12,Mold Wizard / проектирование пресс-форм,Подготовка и разъём,Region Analysis,Анализ областей,I>M>R>A,mold,1,0,,execute_command,unresolved,no,,blocked_unresolved_disabled
nx2512-12-L0723,K3,mold,12,Mold Wizard / проектирование пресс-форм,Подготовка и разъём,Create Parting Lines,Создать линии разъёма,C>M>C>P,mold,1,1,UG_MOLD_PARTING,execute_command,(none),no,UG_MOLD_PARTING,button_id_present_in_bootstrap_runtime_but_not_traceable_to_885
nx2512-12-L0725,K3,mold,12,Mold Wizard / проектирование пресс-форм,Подготовка и разъём,Create Parting Surface,Создать поверхность разъёма,C>M>C>R,mold,1,1,UG_MOLD_PARTING,execute_command,(none),no,UG_MOLD_PARTING,button_id_present_in_bootstrap_runtime_but_not_traceable_to_885
nx2512-12-L0732,K3,mold,12,Mold Wizard / проектирование пресс-форм,Система формы,Mold Base Library,Библиотека пакетов,M>M>M>B,mold,1,1,UG_MOLD_MOLD_BASE,execute_command,(none),no,UG_MOLD_MOLD_BASE,button_id_present_in_bootstrap_runtime_but_not_traceable_to_885
nx2512-12-L0742,K3,mold,12,Mold Wizard / проектирование пресс-форм,Система формы,Mold Drawing,Чертежи формы,C>M>M>D,mold,1,0,,execute_command,unresolved,no,,blocked_unresolved_disabled
nx2512-13-L0752,K3,mold,13,Progressive Die Wizard / штампы,Процесс и оснастка,Formability Analysis,Анализ формуемости,I>M>F>A,mold,1,0,,execute_command,unresolved,no,,blocked_unresolved_disabled
nx2512-13-L0753,K3,mold,13,Progressive Die Wizard / штампы,Процесс и оснастка,Blank Generator,Получить заготовку,V>M>B>G,mold,1,0,,execute_command,unresolved,no,,blocked_unresolved_disabled
nx2512-13-L0759,K3,mold,13,Progressive Die Wizard / штампы,Процесс и оснастка,Bending,Гибка,C>M>B>E,mold,1,0,,execute_command,unresolved,no,,blocked_unresolved_disabled
nx2512-13-L0767,K3,mold,13,Progressive Die Wizard / штампы,Процесс и оснастка,Die Drawing,Чертежи штампа,C>M>D>D,mold,1,0,,execute_command,unresolved,no,,blocked_unresolved_disabled
nx2512-14-L0772,K3,assembly,14,Fixture and Tooling Design / приспособления,Компоновка и проверка,Initialize Fixture,Инициализация приспособления,E>J>I>F,assembly,1,0,,execute_command,unresolved,no,,blocked_unresolved_disabled
nx2512-14-L0773,K3,assembly,14,Fixture and Tooling Design / приспособления,Компоновка и проверка,Add Workpiece,Добавить деталь,E>J>A>W,assembly,1,0,,execute_command,unresolved,no,,blocked_unresolved_disabled
nx2512-14-L0777,K3,assembly,14,Fixture and Tooling Design / приспособления,Компоновка и проверка,Fixture Component Library,Библиотека компонентов,E>J>F>C,assembly,1,1,UG_SEL_COMPONENT_PRIORITY,set_selection_filter,(none),no,UG_SEL_COMPONENT_PRIORITY,button_id_present_in_bootstrap_runtime_but_not_traceable_to_885
nx2512-14-L0778,K3,assembly,14,Fixture and Tooling Design / приспособления,Компоновка и проверка,Place Standard Component,Разместить стандартный компонент,E>J>P>S,assembly,1,1,UG_SEL_COMPONENT_PRIORITY,set_selection_filter,(none),no,UG_SEL_COMPONENT_PRIORITY,button_id_present_in_bootstrap_runtime_but_not_traceable_to_885
nx2512-14-L0783,K3,assembly,14,Fixture and Tooling Design / приспособления,Компоновка и проверка,Accessibility Check,Проверка доступности,I>J>A>C,assembly,1,0,,execute_command,unresolved,no,,blocked_unresolved_disabled
nx2512-14-L0785,K5,assembly,14,Fixture and Tooling Design / приспособления,Компоновка и проверка,Interference Check,Проверка пересечений,I>J>I>C,assembly,1,0,,execute_command,unresolved,no,,blocked_unresolved_disabled
nx2512-14-L0787,K3,assembly,14,Fixture and Tooling Design / приспособления,Компоновка и проверка,Fixture Drawing,Чертёж приспособления,E>J>F>D,assembly,1,0,,execute_command,unresolved,no,,blocked_unresolved_disabled
nx2512-14-L0788,K3,assembly,14,Fixture and Tooling Design / приспособления,Компоновка и проверка,Fixture BOM,Спецификация,E>J>F>B,assembly,1,0,,execute_command,unresolved,no,,blocked_unresolved_disabled
nx2512-15-L0793,K3,inspect_view,15,Validation / DFM / качество модели,Проверки,Examine Geometry,Исследовать геометрию,I>Q>E>G,inspect_view,1,0,,execute_command,unresolved,no,,blocked_unresolved_disabled
nx2512-15-L0794,K3,inspect_view,15,Validation / DFM / качество модели,Проверки,Geometry Checker,Проверка геометрии,I>Q>G>C,inspect_view,1,0,,execute_command,unresolved,no,,blocked_unresolved_disabled
nx2512-15-L0795,K3,inspect_view,15,Validation / DFM / качество модели,Проверки,Face and Edge Check,Проверка граней и рёбер,I>Q>F>E,inspect_view,1,0,,execute_command,ambiguous,no,,blocked_ambiguous_disabled
nx2512-15-L0796,K3,inspect_view,15,Validation / DFM / качество модели,Проверки,Body Consistency,Целостность тела,I>Q>B>C,inspect_view,1,1,UG_SEL_BODY_PRIORITY,set_selection_filter,(none),no,UG_SEL_BODY_PRIORITY,button_id_present_in_bootstrap_runtime_but_not_traceable_to_885
nx2512-15-L0799,K3,inspect_view,15,Validation / DFM / качество модели,Проверки,Draft Analysis,Анализ уклонов,I>Q>D>A,inspect_view,1,0,,execute_command,unresolved,no,,blocked_unresolved_disabled
nx2512-15-L0800,K3,inspect_view,15,Validation / DFM / качество модели,Проверки,Undercut Analysis,Анализ поднутрений,I>Q>U>A,inspect_view,1,0,,execute_command,unresolved,no,,blocked_unresolved_disabled
nx2512-15-L0801,K3,inspect_view,15,Validation / DFM / качество модели,Проверки,Moldability Check,Проверка технологичности литья,I>Q>M>C,inspect_view,1,0,,execute_command,unresolved,no,,blocked_unresolved_disabled
nx2512-15-L0802,K3,inspect_view,15,Validation / DFM / качество модели,Проверки,Sharp Edge Check,Острые кромки,I>Q>S>E,inspect_view,1,1,UG_SEL_EDGE_PRIORITY,set_selection_filter,(none),no,UG_SEL_EDGE_PRIORITY,button_id_present_in_bootstrap_runtime_but_not_traceable_to_885
nx2512-15-L0803,K3,inspect_view,15,Validation / DFM / качество модели,Проверки,Check-Mate,Проверка по правилам,I>Q>C>M,inspect_view,1,0,,execute_command,unresolved,no,,blocked_unresolved_disabled
nx2512-15-L0806,K3,inspect_view,15,Validation / DFM / качество модели,Проверки,Milling Checker,Проверка фрезеруемости,I>Q>M>I,inspect_view,1,0,,execute_command,unresolved,no,,blocked_unresolved_disabled
nx2512-15-L0807,K3,inspect_view,15,Validation / DFM / качество модели,Проверки,Assembly Checker,Проверка сборки,I>Q>A>C,inspect_view,1,0,,execute_command,unresolved,no,,blocked_unresolved_disabled
nx2512-15-L0808,K3,inspect_view,15,Validation / DFM / качество модели,Проверки,Sheet Metal Checker,Проверка листовой детали,I>Q>S>M,inspect_view,1,1,UG_APP_SHEETMETAL,execute_command,resolved,no,,compiled_enabled_not_installed_in_managed_runtime
nx2512-15-L0812,K3,inspect_view,15,Validation / DFM / качество модели,Проверки,Compare Body,Сравнить тела,I>Q>C>B,inspect_view,1,1,UG_SEL_BODY_PRIORITY,set_selection_filter,(none),no,UG_SEL_BODY_PRIORITY,button_id_present_in_bootstrap_runtime_but_not_traceable_to_885
nx2512-16-L0819,K3,inspect_view,16,Visualization / Render / Animation,"Материалы, сцена и анимация",Assign Material,Назначить материал,V>V>A>M,inspect_view,1,1,UG_MATERIAL_ASSIGN,execute_command,resolved,no,UG_MATERIAL_ASSIGN,button_id_present_in_bootstrap_runtime_but_not_traceable_to_885
nx2512-16-L0820,K3,inspect_view,16,Visualization / Render / Animation,"Материалы, сцена и анимация",Edit Material,Изменить материал,V>V>E>M,inspect_view,1,0,,execute_command,unresolved,no,,blocked_unresolved_disabled
nx2512-16-L0828,K3,inspect_view,16,Visualization / Render / Animation,"Материалы, сцена и анимация",Export Image,Экспорт изображения,V>V>E>I,inspect_view,1,0,,execute_command,unresolved,no,,blocked_unresolved_disabled
nx2512-16-L0830,K3,inspect_view,16,Visualization / Render / Animation,"Материалы, сцена и анимация",Create Timeline,Создать временную шкалу,V>V>C>T,inspect_view,1,0,,execute_command,unresolved,no,,blocked_unresolved_disabled
nx2512-16-L0832,K3,inspect_view,16,Visualization / Render / Animation,"Материалы, сцена и анимация",Camera Path,Траектория камеры,V>V>C>P,inspect_view,1,0,,execute_command,unresolved,no,,blocked_unresolved_disabled
nx2512-16-L0834,K3,inspect_view,16,Visualization / Render / Animation,"Материалы, сцена и анимация",Export Movie,Экспорт видео,V>V>E>X,inspect_view,1,0,,execute_command,unresolved,no,,blocked_unresolved_disabled
nx2512-16-L0836,K3,inspect_view,16,Visualization / Render / Animation,"Материалы, сцена и анимация",Section,Сечение,V>V>S>E,inspect_view,1,1,UG_DRAFTING_SECTION_VIEW,execute_command,resolved,no,UG_DRAFTING_SECTION_VIEW,button_id_present_in_bootstrap_runtime_but_not_traceable_to_885
nx2512-17-L0869,K3,simulation,17,Motion / Mechatronics Concept Designer,Механизмы и симуляция,Measure Results,Измерить результаты,I>N>M>R,simulation,1,0,,execute_command,ambiguous,no,,blocked_ambiguous_disabled
nx2512-17-L0870,K3,simulation,17,Motion / Mechatronics Concept Designer,Механизмы и симуляция,Export Results,Экспорт результатов,I>N>E>R,simulation,1,1,UG_SIM_RESULTS,execute_command,(none),no,UG_SIM_RESULTS,button_id_present_in_bootstrap_runtime_but_not_traceable_to_885
nx2512-17-L0871,K3,simulation,17,Motion / Mechatronics Concept Designer,Механизмы и симуляция,Sequence Editor,Редактор последовательностей,E>N>S>E,simulation,1,0,,execute_command,unresolved,no,,blocked_unresolved_disabled
nx2512-17-L0874,K3,simulation,17,Motion / Mechatronics Concept Designer,MCD и виртуальная наладка,Rigid Body,Твёрдое тело,C>N>R>B,simulation,1,1,UG_SEL_BODY_PRIORITY,set_selection_filter,(none),no,UG_SEL_BODY_PRIORITY,button_id_present_in_bootstrap_runtime_but_not_traceable_to_885
nx2512-17-L0875,K3,simulation,17,Motion / Mechatronics Concept Designer,MCD и виртуальная наладка,Collision Body,Тело столкновений,C>N>C>B,simulation,1,1,UG_SEL_BODY_PRIORITY,set_selection_filter,(none),no,UG_SEL_BODY_PRIORITY,button_id_present_in_bootstrap_runtime_but_not_traceable_to_885
nx2512-17-L0876,K3,simulation,17,Motion / Mechatronics Concept Designer,MCD и виртуальная наладка,Transport Surface,Транспортная поверхность,C>N>T>S,simulation,1,0,,execute_command,unresolved,no,,blocked_unresolved_disabled
nx2512-18-L0892,K3,global,18,Teamcenter / Managed Mode / Collaboration,Управление данными и совместная работа,Check In,Зарегистрировать,I>P>C>H,assembly|drafting|inspect_view|manufacturing|modeling|mold|pmi|reuse|routing|sheet_metal|simulation|sketch|surface,13,0,,execute_command,unresolved,no,,blocked_unresolved_disabled
nx2512-18-L0893,K3,global,18,Teamcenter / Managed Mode / Collaboration,Управление данными и совместная работа,Check Out,Взять на изменение,I>P>C>O,assembly|drafting|inspect_view|manufacturing|modeling|mold|pmi|reuse|routing|sheet_metal|simulation|sketch|surface,13,0,,execute_command,unresolved,no,,blocked_unresolved_disabled
nx2512-18-L0894,K3,global,18,Teamcenter / Managed Mode / Collaboration,Управление данными и совместная работа,Cancel Check Out,Отменить резервирование,I>P>C>C,assembly|drafting|inspect_view|manufacturing|modeling|mold|pmi|reuse|routing|sheet_metal|simulation|sketch|surface,13,0,,execute_command,unresolved,no,,blocked_unresolved_disabled
nx2512-18-L0898,K3,global,18,Teamcenter / Managed Mode / Collaboration,Управление данными и совместная работа,Impact Analysis,Анализ влияния,I>P>I>A,assembly|drafting|inspect_view|manufacturing|modeling|mold|pmi|reuse|routing|sheet_metal|simulation|sketch|surface,13,0,,execute_command,unresolved,no,,blocked_unresolved_disabled
nx2512-18-L0901,K3,global,18,Teamcenter / Managed Mode / Collaboration,Управление данными и совместная работа,Assign Project,Назначить проект,E>P>A>P,assembly|drafting|inspect_view|manufacturing|modeling|mold|pmi|reuse|routing|sheet_metal|simulation|sketch|surface,13,0,,execute_command,unresolved,no,,blocked_unresolved_disabled
nx2512-18-L0903,K3,global,18,Teamcenter / Managed Mode / Collaboration,Управление данными и совместная работа,Create Live Share Session,Создать Live Share,C>P>C>L,assembly|drafting|inspect_view|manufacturing|modeling|mold|pmi|reuse|routing|sheet_metal|simulation|sketch|surface,13,0,,execute_command,unresolved,no,,blocked_unresolved_disabled
nx2512-18-L0907,K3,global,18,Teamcenter / Managed Mode / Collaboration,Управление данными и совместная работа,Task Assignment,Назначить задачу,E>P>T>A,assembly|drafting|inspect_view|manufacturing|modeling|mold|pmi|reuse|routing|sheet_metal|simulation|sketch|surface,13,0,,execute_command,unresolved,no,,blocked_unresolved_disabled
nx2512-19-L0915,K4,global,19,Data Exchange / трансляторы,"Импорт, экспорт и восстановление",Import Parasolid,Импорт Parasolid,F>P>I>P,assembly|drafting|inspect_view|manufacturing|modeling|mold|pmi|reuse|routing|sheet_metal|simulation|sketch|surface,13,0,,execute_command,unresolved,no,,blocked_unresolved_disabled
nx2512-19-L0916,K4,global,19,Data Exchange / трансляторы,"Импорт, экспорт и восстановление",Import STEP,Импорт STEP,F>P>I>S,assembly|drafting|inspect_view|manufacturing|modeling|mold|pmi|reuse|routing|sheet_metal|simulation|sketch|surface,13,0,,execute_command,unresolved,no,,blocked_unresolved_disabled
nx2512-19-L0917,K4,global,19,Data Exchange / трансляторы,"Импорт, экспорт и восстановление",Import IGES,Импорт IGES,F>P>I>I,assembly|drafting|inspect_view|manufacturing|modeling|mold|pmi|reuse|routing|sheet_metal|simulation|sketch|surface,13,0,,execute_command,unresolved,no,,blocked_unresolved_disabled
nx2512-19-L0918,K4,global,19,Data Exchange / трансляторы,"Импорт, экспорт и восстановление",Import JT,Импорт JT,F>P>I>J,assembly|drafting|inspect_view|manufacturing|modeling|mold|pmi|reuse|routing|sheet_metal|simulation|sketch|surface,13,0,,execute_command,unresolved,no,,blocked_unresolved_disabled
nx2512-19-L0919,K4,global,19,Data Exchange / трансляторы,"Импорт, экспорт и восстановление",Import CATIA,Импорт CATIA,F>P>I>C,assembly|drafting|inspect_view|manufacturing|modeling|mold|pmi|reuse|routing|sheet_metal|simulation|sketch|surface,13,0,,execute_command,unresolved,no,,blocked_unresolved_disabled
nx2512-19-L0920,K4,global,19,Data Exchange / трансляторы,"Импорт, экспорт и восстановление",Import Creo,Импорт Creo,F>P>I>O,assembly|drafting|inspect_view|manufacturing|modeling|mold|pmi|reuse|routing|sheet_metal|simulation|sketch|surface,13,0,,execute_command,unresolved,no,,blocked_unresolved_disabled
nx2512-19-L0921,K4,global,19,Data Exchange / трансляторы,"Импорт, экспорт и восстановление",Import SolidWorks,Импорт SolidWorks,F>P>I>R,assembly|drafting|inspect_view|manufacturing|modeling|mold|pmi|reuse|routing|sheet_metal|simulation|sketch|surface,13,0,,execute_command,unresolved,no,,blocked_unresolved_disabled
nx2512-19-L0922,K4,global,19,Data Exchange / трансляторы,"Импорт, экспорт и восстановление",Import DXF/DWG,Импорт DXF/DWG,F>P>I>D,assembly|drafting|inspect_view|manufacturing|modeling|mold|pmi|reuse|routing|sheet_metal|simulation|sketch|surface,13,0,,execute_command,unresolved,no,,blocked_unresolved_disabled
nx2512-19-L0923,K4,global,19,Data Exchange / трансляторы,"Импорт, экспорт и восстановление",Import STL,Импорт STL,F>P>I>T,assembly|drafting|inspect_view|manufacturing|modeling|mold|pmi|reuse|routing|sheet_metal|simulation|sketch|surface,13,0,,execute_command,unresolved,no,,blocked_unresolved_disabled
nx2512-19-L0924,K4,global,19,Data Exchange / трансляторы,"Импорт, экспорт и восстановление",Import OBJ,Импорт OBJ,F>P>I>B,assembly|drafting|inspect_view|manufacturing|modeling|mold|pmi|reuse|routing|sheet_metal|simulation|sketch|surface,13,0,,execute_command,unresolved,no,,blocked_unresolved_disabled
nx2512-19-L0925,K4,global,19,Data Exchange / трансляторы,"Импорт, экспорт и восстановление",Import IFC,Импорт IFC,F>P>I>F,assembly|drafting|inspect_view|manufacturing|modeling|mold|pmi|reuse|routing|sheet_metal|simulation|sketch|surface,13,0,,execute_command,unresolved,no,,blocked_unresolved_disabled
nx2512-19-L0926,K4,global,19,Data Exchange / трансляторы,"Импорт, экспорт и восстановление",Import XML,Импорт XML,F>P>I>X,assembly|drafting|inspect_view|manufacturing|modeling|mold|pmi|reuse|routing|sheet_metal|simulation|sketch|surface,13,0,,execute_command,unresolved,no,,blocked_unresolved_disabled
nx2512-19-L0927,K4,global,19,Data Exchange / трансляторы,"Импорт, экспорт и восстановление",Export Parasolid,Экспорт Parasolid,F>P>E>P,assembly|drafting|inspect_view|manufacturing|modeling|mold|pmi|reuse|routing|sheet_metal|simulation|sketch|surface,13,0,,execute_command,unresolved,no,,blocked_unresolved_disabled
nx2512-19-L0928,K4,global,19,Data Exchange / трансляторы,"Импорт, экспорт и восстановление",Export STEP AP203/214/242,Экспорт STEP,F>P>E>S,assembly|drafting|inspect_view|manufacturing|modeling|mold|pmi|reuse|routing|sheet_metal|simulation|sketch|surface,13,0,,execute_command,unresolved,no,,blocked_unresolved_disabled
nx2512-19-L0929,K4,global,19,Data Exchange / трансляторы,"Импорт, экспорт и восстановление",Export IGES,Экспорт IGES,F>P>E>I,assembly|drafting|inspect_view|manufacturing|modeling|mold|pmi|reuse|routing|sheet_metal|simulation|sketch|surface,13,0,,execute_command,unresolved,no,,blocked_unresolved_disabled
nx2512-19-L0930,K4,global,19,Data Exchange / трансляторы,"Импорт, экспорт и восстановление",Export JT,Экспорт JT,F>P>E>J,assembly|drafting|inspect_view|manufacturing|modeling|mold|pmi|reuse|routing|sheet_metal|simulation|sketch|surface,13,0,,execute_command,unresolved,no,,blocked_unresolved_disabled
nx2512-19-L0931,K4,global,19,Data Exchange / трансляторы,"Импорт, экспорт и восстановление",Export DXF/DWG,Экспорт DXF/DWG,F>P>E>D,assembly|drafting|inspect_view|manufacturing|modeling|mold|pmi|reuse|routing|sheet_metal|simulation|sketch|surface,13,0,,execute_command,unresolved,no,,blocked_unresolved_disabled
nx2512-19-L0932,K4,global,19,Data Exchange / трансляторы,"Импорт, экспорт и восстановление",Export STL,Экспорт STL,F>P>E>O,assembly|drafting|inspect_view|manufacturing|modeling|mold|pmi|reuse|routing|sheet_metal|simulation|sketch|surface,13,0,,execute_command,unresolved,no,,blocked_unresolved_disabled
nx2512-19-L0933,K4,global,19,Data Exchange / трансляторы,"Импорт, экспорт и восстановление",Export 3MF,Экспорт 3MF,F>P>E>3,assembly|drafting|inspect_view|manufacturing|modeling|mold|pmi|reuse|routing|sheet_metal|simulation|sketch|surface,13,0,,execute_command,unresolved,no,,blocked_unresolved_disabled
nx2512-19-L0934,K4,global,19,Data Exchange / трансляторы,"Импорт, экспорт и восстановление",Export PDF,Экспорт PDF,F>P>E>R,assembly|drafting|inspect_view|manufacturing|modeling|mold|pmi|reuse|routing|sheet_metal|simulation|sketch|surface,13,0,,execute_command,unresolved,no,,blocked_unresolved_disabled
nx2512-19-L0935,K4,global,19,Data Exchange / трансляторы,"Импорт, экспорт и восстановление",Export CGM,Экспорт CGM,F>P>E>C,assembly|drafting|inspect_view|manufacturing|modeling|mold|pmi|reuse|routing|sheet_metal|simulation|sketch|surface,13,0,,execute_command,unresolved,no,,blocked_unresolved_disabled
nx2512-19-L0936,K4,global,19,Data Exchange / трансляторы,"Импорт, экспорт и восстановление",Export QIF,Экспорт QIF,F>P>E>Q,assembly|drafting|inspect_view|manufacturing|modeling|mold|pmi|reuse|routing|sheet_metal|simulation|sketch|surface,13,0,,execute_command,unresolved,no,,blocked_unresolved_disabled
nx2512-19-L0937,K3,global,19,Data Exchange / трансляторы,"Импорт, экспорт и восстановление",Publish Technical Data Package,Пакет технических данных,P>P>P>T,assembly|drafting|inspect_view|manufacturing|modeling|mold|pmi|reuse|routing|sheet_metal|simulation|sketch|surface,13,0,,execute_command,unresolved,no,,blocked_unresolved_disabled
nx2512-19-L0938,K4,global,19,Data Exchange / трансляторы,"Импорт, экспорт и восстановление",Heal Geometry,Лечить геометрию,E>P>H>G,assembly|drafting|inspect_view|manufacturing|modeling|mold|pmi|reuse|routing|sheet_metal|simulation|sketch|surface,13,0,,execute_command,unresolved,no,,blocked_unresolved_disabled
nx2512-19-L0939,K4,global,19,Data Exchange / трансляторы,"Импорт, экспорт и восстановление",Optimize Geometry,Оптимизировать геометрию,P>P>O>G,assembly|drafting|inspect_view|manufacturing|modeling|mold|pmi|reuse|routing|sheet_metal|simulation|sketch|surface,13,0,,execute_command,unresolved,no,,blocked_unresolved_disabled
nx2512-19-L0940,K4,global,19,Data Exchange / трансляторы,"Импорт, экспорт и восстановление",Sew Imported Sheets,Сшить импортированные поверхности,E>P>S>I,assembly|drafting|inspect_view|manufacturing|modeling|mold|pmi|reuse|routing|sheet_metal|simulation|sketch|surface,13,13,UG_MODELING_SEW_FEATURE,execute_command,(none)|resolved,no,UG_MODELING_SEW_FEATURE,button_id_present_in_bootstrap_runtime_but_not_traceable_to_885
nx2512-19-L0941,K3,global,19,Data Exchange / трансляторы,"Импорт, экспорт и восстановление",Remove Parameters,Удалить параметры,X>P>R>P,assembly|drafting|inspect_view|manufacturing|modeling|mold|pmi|reuse|routing|sheet_metal|simulation|sketch|surface,13,0,,execute_command,unresolved,no,,blocked_unresolved_disabled
nx2512-19-L0942,K4,global,19,Data Exchange / трансляторы,"Импорт, экспорт и восстановление",Feature Recognition,Распознать элементы,C>P>F>R,assembly|drafting|inspect_view|manufacturing|modeling|mold|pmi|reuse|routing|sheet_metal|simulation|sketch|surface,13,13,UG_SEL_FEATURE_PRIORITY,set_selection_filter,(none),no,UG_SEL_FEATURE_PRIORITY,button_id_present_in_bootstrap_runtime_but_not_traceable_to_885
nx2512-19-L0943,K4,global,19,Data Exchange / трансляторы,"Импорт, экспорт и восстановление",Compare Imported Geometry,Сравнить импортированную геометрию,I>P>C>I,assembly|drafting|inspect_view|manufacturing|modeling|mold|pmi|reuse|routing|sheet_metal|simulation|sketch|surface,13,0,,execute_command,unresolved,no,,blocked_unresolved_disabled
nx2512-20-L0948,K4,manufacturing,20,CAM — общая инфраструктура,"Создание, структура и установка",New Manufacturing Setup,Новая CAM-настройка,C>O>N>M,manufacturing,1,1,UG_APP_MANUFACTURING,execute_command,resolved,no,,compiled_enabled_not_installed_in_managed_runtime
nx2512-20-L0949,K5,manufacturing,20,CAM — общая инфраструктура,"Создание, структура и установка",Create Operation,Создать операцию,C>O>O>P,manufacturing,1,1,UG_CAM_CREATE_OPERATION,execute_command,(none),no,UG_CAM_CREATE_OPERATION,button_id_present_in_bootstrap_runtime_but_not_traceable_to_885
nx2512-20-L0950,K4,manufacturing,20,CAM — общая инфраструктура,"Создание, структура и установка",Create Program,Создать программу,C>O>C>P,manufacturing,1,0,,execute_command,unresolved,no,,blocked_unresolved_disabled
nx2512-20-L0951,K5,manufacturing,20,CAM — общая инфраструктура,"Создание, структура и установка",Create Tool,Создать инструмент,C>T>T>L,manufacturing,1,1,UG_CAM_CREATE_TOOL,execute_command,(none),no,UG_CAM_CREATE_TOOL,button_id_present_in_bootstrap_runtime_but_not_traceable_to_885
nx2512-20-L0952,K5,manufacturing,20,CAM — общая инфраструктура,"Создание, структура и установка",Create Geometry,Создать геометрию,C>G>C>G,manufacturing,1,0,,execute_command,unresolved,no,,blocked_unresolved_disabled
nx2512-20-L0953,K4,manufacturing,20,CAM — общая инфраструктура,"Создание, структура и установка",Create Method,Создать метод,C>O>C>M,manufacturing,1,0,,execute_command,unresolved,no,,blocked_unresolved_disabled
nx2512-20-L0954,K5,manufacturing,20,CAM — общая инфраструктура,"Создание, структура и установка",Operation Navigator,Навигатор операций,M>O>O>N,manufacturing,1,1,UG_CAM_OPERATION_NAVIGATOR,execute_command,(none),no,UG_CAM_OPERATION_NAVIGATOR,button_id_present_in_bootstrap_runtime_but_not_traceable_to_885
nx2512-20-L0955,K4,manufacturing,20,CAM — общая инфраструктура,"Создание, структура и установка",Program Order View,Вид порядка программы,V>O>P>O,manufacturing,1,0,,execute_command,unresolved,no,,blocked_unresolved_disabled
nx2512-20-L0956,K4,manufacturing,20,CAM — общая инфраструктура,"Создание, структура и установка",Machine Tool View,Вид станка,V>T>M>T,manufacturing,1,0,,execute_command,unresolved,no,,blocked_unresolved_disabled
nx2512-20-L0957,K4,manufacturing,20,CAM — общая инфраструктура,"Создание, структура и установка",Geometry View,Вид геометрии,V>G>G>V,manufacturing,1,0,,execute_command,unresolved,no,,blocked_unresolved_disabled
nx2512-20-L0958,K4,manufacturing,20,CAM — общая инфраструктура,"Создание, структура и установка",Method View,Вид методов,V>O>M>V,manufacturing,1,0,,execute_command,unresolved,no,,blocked_unresolved_disabled
nx2512-20-L0959,K4,manufacturing,20,CAM — общая инфраструктура,"Создание, структура и установка",Copy Operation,Копировать операцию,T>O>C>O,manufacturing,1,1,UG_EDIT_COPY,execute_command,resolved,no,,compiled_enabled_not_installed_in_managed_runtime
nx2512-20-L0960,K4,manufacturing,20,CAM — общая инфраструктура,"Создание, структура и установка",Paste Operation,Вставить операцию,E>O>P>O,manufacturing,1,1,UG_EDIT_PASTE,execute_command,resolved,no,,compiled_enabled_not_installed_in_managed_runtime
nx2512-20-L0961,K4,manufacturing,20,CAM — общая инфраструктура,"Создание, структура и установка",Clone Operation,Клонировать операцию,C>O>C>O,manufacturing,1,0,,execute_command,unresolved,no,,blocked_unresolved_disabled
nx2512-20-L0962,K4,manufacturing,20,CAM — общая инфраструктура,"Создание, структура и установка",Group Operations,Группировать операции,M>O>G>O,manufacturing,1,0,,execute_command,unresolved,no,,blocked_unresolved_disabled
nx2512-20-L0963,K4,manufacturing,20,CAM — общая инфраструктура,"Создание, структура и установка",Reorder Operations,Изменить порядок,T>O>R>O,manufacturing,1,0,,execute_command,unresolved,no,,blocked_unresolved_disabled
nx2512-20-L0964,K4,manufacturing,20,CAM — общая инфраструктура,"Создание, структура и установка",Suppress Operation,Подавить операцию,X>O>S>O,manufacturing,1,0,,execute_command,unresolved,no,,blocked_unresolved_disabled
nx2512-20-L0965,K4,manufacturing,20,CAM — общая инфраструктура,"Создание, структура и установка",Unsuppress Operation,Восстановить,X>O>U>O,manufacturing,1,0,,execute_command,unresolved,no,,blocked_unresolved_disabled
nx2512-20-L0966,K4,manufacturing,20,CAM — общая инфраструктура,"Создание, структура и установка",Delete Operation,Удалить операцию,X>O>D>O,manufacturing,1,1,UG_CAM_DELETE_OPERATION,execute_command,(none),no,UG_CAM_DELETE_OPERATION,button_id_present_in_bootstrap_runtime_but_not_traceable_to_885
nx2512-20-L0967,K4,manufacturing,20,CAM — общая инфраструктура,"Создание, структура и установка",Edit Operation,Редактировать операцию,E>O>E>O,manufacturing,1,0,,execute_command,unresolved,no,,blocked_unresolved_disabled
nx2512-20-L0968,K3,manufacturing,20,CAM — общая инфраструктура,"Создание, структура и установка",MCS,Система координат станка,C>G>M>C,manufacturing,1,0,,execute_command,unresolved,no,,blocked_unresolved_disabled
nx2512-20-L0969,K4,manufacturing,20,CAM — общая инфраструктура,"Создание, структура и установка",Workpiece,Обрабатываемая деталь,C>G>W>O,manufacturing,1,0,,execute_command,unresolved,no,,blocked_unresolved_disabled
nx2512-20-L0970,K4,manufacturing,20,CAM — общая инфраструктура,"Создание, структура и установка",Part Geometry,Геометрия детали,C>G>P>G,manufacturing,1,0,,execute_command,unresolved,no,,blocked_unresolved_disabled
nx2512-20-L0971,K4,manufacturing,20,CAM — общая инфраструктура,"Создание, структура и установка",Blank Geometry,Геометрия заготовки,V>G>B>G,manufacturing,1,0,,execute_command,unresolved,no,,blocked_unresolved_disabled
nx2512-20-L0972,K4,manufacturing,20,CAM — общая инфраструктура,"Создание, структура и установка",Check Geometry,Контрольная геометрия,I>G>C>G,manufacturing,1,0,,execute_command,unresolved,no,,blocked_unresolved_disabled
nx2512-20-L0973,K4,manufacturing,20,CAM — общая инфраструктура,"Создание, структура и установка",Fixture Geometry,Геометрия приспособления,E>G>F>G,manufacturing,1,0,,execute_command,unresolved,no,,blocked_unresolved_disabled
nx2512-20-L0974,K3,manufacturing,20,CAM — общая инфраструктура,"Создание, структура и установка",Cut Area,Область резания,E>O>C>A,manufacturing,1,1,UG_EDIT_CUT,execute_command,resolved,no,,compiled_enabled_not_installed_in_managed_runtime
nx2512-20-L0975,K4,manufacturing,20,CAM — общая инфраструктура,"Создание, структура и установка",Drive Geometry,Ведущая геометрия,C>G>D>G,manufacturing,1,0,,execute_command,unresolved,no,,blocked_unresolved_disabled
nx2512-20-L0976,K3,manufacturing,20,CAM — общая инфраструктура,"Создание, структура и установка",Boundary,Граница,C>G>B>O,manufacturing,1,1,UG_INFO_ANALYSIS_SHEET_BOUNDARY,execute_command,resolved,no,UG_INFO_ANALYSIS_SHEET_BOUNDARY,button_id_present_in_bootstrap_runtime_but_not_traceable_to_885
nx2512-20-L0977,K3,manufacturing,20,CAM — общая инфраструктура,"Создание, структура и установка",Containment,Ограничение,C>O>C>C,manufacturing,1,0,,execute_command,unresolved,no,,blocked_unresolved_disabled
nx2512-20-L0978,K3,manufacturing,20,CAM — общая инфраструктура,"Создание, структура и установка",IPW,Промежуточная заготовка,C>G>I>P,manufacturing,1,0,,execute_command,unresolved,no,,blocked_unresolved_disabled
nx2512-20-L0979,K4,manufacturing,20,CAM — общая инфраструктура,"Создание, структура и установка",Create Blank from Part,Заготовка из детали,V>G>C>B,manufacturing,1,0,,execute_command,unresolved,no,,blocked_unresolved_disabled
nx2512-20-L0980,K4,manufacturing,20,CAM — общая инфраструктура,"Создание, структура и установка",Create Blank from Bounding Block,Габаритная заготовка,V>G>C>R,manufacturing,1,0,,execute_command,unresolved,no,,blocked_unresolved_disabled
nx2512-20-L0981,K4,manufacturing,20,CAM — общая инфраструктура,"Создание, структура и установка",Create Blank from Part Offset,Заготовка со смещением,V>G>C>O,manufacturing,1,0,,execute_command,unresolved,no,,blocked_unresolved_disabled
nx2512-20-L0982,K4,manufacturing,20,CAM — общая инфраструктура,"Создание, структура и установка",Define Machine Setup,Определить установ,E>N>D>M,manufacturing,1,0,,execute_command,unresolved,no,,blocked_unresolved_disabled
nx2512-20-L0983,K3,manufacturing,20,CAM — общая инфраструктура,"Создание, структура и установка",Mount Part,Установить деталь,C>G>M>P,manufacturing,1,0,,execute_command,unresolved,no,,blocked_unresolved_disabled
nx2512-20-L0984,K4,manufacturing,20,CAM — общая инфраструктура,"Создание, структура и установка",Mount Fixture,Установить приспособление,E>G>M>F,manufacturing,1,0,,execute_command,unresolved,no,,blocked_unresolved_disabled
nx2512-20-L0987,K4,manufacturing,20,CAM — общая инфраструктура,"Инструменты, генерация и вывод",Tool Library,Библиотека инструмента,M>T>T>L,manufacturing,1,0,,execute_command,unresolved,no,,blocked_unresolved_disabled
nx2512-20-L0988,K4,manufacturing,20,CAM — общая инфраструктура,"Инструменты, генерация и вывод",Search Tool,Поиск инструмента,C>T>S>T,manufacturing,1,0,,execute_command,unresolved,no,,blocked_unresolved_disabled
nx2512-20-L0989,K4,manufacturing,20,CAM — общая инфраструктура,"Инструменты, генерация и вывод",Create Milling Tool,Фрезерный инструмент,C>T>C>M,manufacturing,1,1,UG_CAM_CREATE_TOOL,execute_command,(none),no,UG_CAM_CREATE_TOOL,button_id_present_in_bootstrap_runtime_but_not_traceable_to_885
nx2512-20-L0990,K4,manufacturing,20,CAM — общая инфраструктура,"Инструменты, генерация и вывод",Create Drill,Сверло,C>T>C>D,manufacturing,1,0,,execute_command,unresolved,no,,blocked_unresolved_disabled
nx2512-20-L0991,K4,manufacturing,20,CAM — общая инфраструктура,"Инструменты, генерация и вывод",Create Turning Tool,Токарный инструмент,C>T>C>T,manufacturing,1,1,UG_CAM_CREATE_TOOL,execute_command,(none),no,UG_CAM_CREATE_TOOL,button_id_present_in_bootstrap_runtime_but_not_traceable_to_885
nx2512-20-L0992,K4,manufacturing,20,CAM — общая инфраструктура,"Инструменты, генерация и вывод",Create Probe,Щуп,C>T>C>P,manufacturing,1,0,,execute_command,unresolved,no,,blocked_unresolved_disabled
nx2512-20-L0993,K4,manufacturing,20,CAM — общая инфраструктура,"Инструменты, генерация и вывод",Create Holder,Державка,C>T>C>H,manufacturing,1,0,,execute_command,unresolved,no,,blocked_unresolved_disabled
nx2512-20-L0994,K4,manufacturing,20,CAM — общая инфраструктура,"Инструменты, генерация и вывод",Tool Assembly,Инструментальная сборка,C>T>T>A,manufacturing,1,0,,execute_command,unresolved,no,,blocked_unresolved_disabled
nx2512-20-L0995,K4,manufacturing,20,CAM — общая инфраструктура,"Инструменты, генерация и вывод",Set Tool Number,Номер инструмента,E>T>S>T,manufacturing,1,0,,execute_command,unresolved,no,,blocked_unresolved_disabled
nx2512-20-L0996,K3,manufacturing,20,CAM — общая инфраструктура,"Инструменты, генерация и вывод",Cutting Data,Режимы резания,E>O>C>D,manufacturing,1,0,,execute_command,unresolved,no,,blocked_unresolved_disabled
nx2512-20-L0997,K3,manufacturing,20,CAM — общая инфраструктура,"Инструменты, генерация и вывод",Feeds and Speeds,Подачи и скорости,C>O>F>S,manufacturing,1,0,,execute_command,unresolved,no,,blocked_unresolved_disabled
nx2512-20-L0998,K4,manufacturing,20,CAM — общая инфраструктура,"Инструменты, генерация и вывод",Tool Tracking,Учёт инструмента,C>T>T>T,manufacturing,1,0,,execute_command,unresolved,no,,blocked_unresolved_disabled
nx2512-20-L0999,K4,manufacturing,20,CAM — общая инфраструктура,"Инструменты, генерация и вывод",CoroPlus Tool Library,Библиотека CoroPlus,M>T>C>T,manufacturing,1,0,,execute_command,unresolved,no,,blocked_unresolved_disabled
nx2512-20-L1000,K4,manufacturing,20,CAM — общая инфраструктура,"Инструменты, генерация и вывод",Export Tool List,Экспорт инструмента,C>T>E>T,manufacturing,1,0,,execute_command,unresolved,no,,blocked_unresolved_disabled
nx2512-20-L1001,K5,manufacturing,20,CAM — общая инфраструктура,"Инструменты, генерация и вывод",Generate Tool Path,Сгенерировать траекторию,P>O>G>T,manufacturing,1,1,UG_CAM_GENERATE_TOOL_PATH,execute_command,(none),no,UG_CAM_GENERATE_TOOL_PATH,button_id_present_in_bootstrap_runtime_but_not_traceable_to_885
nx2512-20-L1002,K4,manufacturing,20,CAM — общая инфраструктура,"Инструменты, генерация и вывод",Generate Selected,Сгенерировать выбранное,S>S>G>S,manufacturing,1,0,,execute_command,unresolved,no,,blocked_unresolved_disabled
nx2512-20-L1003,K4,manufacturing,20,CAM — общая инфраструктура,"Инструменты, генерация и вывод",Generate Group,Сгенерировать группу,P>O>G>G,manufacturing,1,0,,execute_command,unresolved,no,,blocked_unresolved_disabled
nx2512-20-L1004,K4,manufacturing,20,CAM — общая инфраструктура,"Инструменты, генерация и вывод",Background Generate,Фоновая генерация,V>O>B>G,manufacturing,1,0,,execute_command,unresolved,no,,blocked_unresolved_disabled
nx2512-20-L1005,K4,manufacturing,20,CAM — общая инфраструктура,"Инструменты, генерация и вывод",Replay Tool Path,Воспроизвести траекторию,P>T>R>T,manufacturing,1,0,,execute_command,ambiguous,no,,blocked_ambiguous_disabled
nx2512-20-L1006,K5,manufacturing,20,CAM — общая инфраструктура,"Инструменты, генерация и вывод",Verify Tool Path,Проверить траекторию,P>O>V>T,manufacturing,1,1,UG_CAM_VERIFY_TOOL_PATH,execute_command,(none),no,UG_CAM_VERIFY_TOOL_PATH,button_id_present_in_bootstrap_runtime_but_not_traceable_to_885
nx2512-20-L1007,K4,manufacturing,20,CAM — общая инфраструктура,"Инструменты, генерация и вывод",Gouge Check,Проверка зарезов,I>O>G>C,manufacturing,1,0,,execute_command,unresolved,no,,blocked_unresolved_disabled
nx2512-20-L1008,K4,manufacturing,20,CAM — общая инфраструктура,"Инструменты, генерация и вывод",Collision Check,Проверка столкновений,I>N>C>C,manufacturing,1,0,,execute_command,unresolved,no,,blocked_unresolved_disabled
nx2512-20-L1009,K4,manufacturing,20,CAM — общая инфраструктура,"Инструменты, генерация и вывод",Compare Tool Path,Сравнить траектории,I>T>C>T,manufacturing,1,0,,execute_command,unresolved,no,,blocked_unresolved_disabled
nx2512-20-L1010,K4,manufacturing,20,CAM — общая инфраструктура,"Инструменты, генерация и вывод",Tool Path Statistics,Статистика траектории,I>T>T>P,manufacturing,1,0,,execute_command,unresolved,no,,blocked_unresolved_disabled
nx2512-20-L1011,K4,manufacturing,20,CAM — общая инфраструктура,"Инструменты, генерация и вывод",List Tool Path,Список кадров,C>T>L>T,manufacturing,1,0,,execute_command,unresolved,no,,blocked_unresolved_disabled
nx2512-20-L1012,K4,manufacturing,20,CAM — общая инфраструктура,"Инструменты, генерация и вывод",Edit Tool Path,Редактировать траекторию,E>T>E>T,manufacturing,1,0,,execute_command,ambiguous,no,,blocked_ambiguous_disabled
nx2512-20-L1013,K4,manufacturing,20,CAM — общая инфраструктура,"Инструменты, генерация и вывод",Transform Tool Path,Преобразовать траекторию,T>T>T>T,manufacturing,1,0,,execute_command,unresolved,no,,blocked_unresolved_disabled
nx2512-20-L1014,K4,manufacturing,20,CAM — общая инфраструктура,"Инструменты, генерация и вывод",Pattern Tool Path,Массив траекторий,T>T>P>T,manufacturing,1,0,,execute_command,unresolved,no,,blocked_unresolved_disabled
nx2512-20-L1015,K5,manufacturing,20,CAM — общая инфраструктура,"Инструменты, генерация и вывод",Post Process,Постпроцессирование,P>O>P>P,manufacturing,1,0,,execute_command,unresolved,no,,blocked_unresolved_disabled
nx2512-20-L1016,K4,manufacturing,20,CAM — общая инфраструктура,"Инструменты, генерация и вывод",Post Hub,Библиотека постпроцессоров,C>O>P>H,manufacturing,1,0,,execute_command,unresolved,no,,blocked_unresolved_disabled
nx2512-20-L1017,K4,manufacturing,20,CAM — общая инфраструктура,"Инструменты, генерация и вывод",Post Configurator,Конфигуратор постпроцессора,C>O>P>C,manufacturing,1,0,,execute_command,unresolved,no,,blocked_unresolved_disabled
nx2512-20-L1018,K3,manufacturing,20,CAM — общая инфраструктура,"Инструменты, генерация и вывод",Shop Documentation,Цеховая документация,C>O>S>D,manufacturing,1,0,,execute_command,unresolved,no,,blocked_unresolved_disabled
nx2512-20-L1019,K4,manufacturing,20,CAM — общая инфраструктура,"Инструменты, генерация и вывод",Setup Sheet,Карта наладки,C>O>S>S,manufacturing,1,0,,execute_command,unresolved,no,,blocked_unresolved_disabled
nx2512-20-L1020,K4,manufacturing,20,CAM — общая инфраструктура,"Инструменты, генерация и вывод",Tool List,Инструментальная ведомость,C>T>T>O,manufacturing,1,0,,execute_command,unresolved,no,,blocked_unresolved_disabled
nx2512-20-L1021,K4,manufacturing,20,CAM — общая инфраструктура,"Инструменты, генерация и вывод",Operation List,Перечень операций,C>O>O>L,manufacturing,1,0,,execute_command,unresolved,no,,blocked_unresolved_disabled
nx2512-20-L1022,K4,manufacturing,20,CAM — общая инфраструктура,"Инструменты, генерация и вывод",Export Manufacturing Viewer,Экспорт Viewer,V>O>E>M,manufacturing,1,1,UG_APP_MANUFACTURING,execute_command,resolved,no,,compiled_enabled_not_installed_in_managed_runtime
nx2512-20-L1023,K4,manufacturing,20,CAM — общая инфраструктура,"Инструменты, генерация и вывод",NX Manufacturing Viewer Extractor,Экстрактор данных Viewer,V>O>N>M,manufacturing,1,1,UG_APP_MANUFACTURING,execute_command,resolved,no,,compiled_enabled_not_installed_in_managed_runtime
nx2512-20-L1024,K3,manufacturing,20,CAM — общая инфраструктура,"Инструменты, генерация и вывод",Send to Shop Floor,Передать в цех,P>O>S>S,manufacturing,1,0,,execute_command,unresolved,no,,blocked_unresolved_disabled
nx2512-21-L1029,K4,manufacturing,21,CAM — Hole Making и 2.5-axis Milling,Отверстия,Spot Drilling,Центровка,C>T>S>D,manufacturing,1,0,,execute_command,unresolved,no,,blocked_unresolved_disabled
nx2512-21-L1030,K4,manufacturing,21,CAM — Hole Making и 2.5-axis Milling,Отверстия,Drilling,Сверление,C>T>D>R,manufacturing,1,0,,execute_command,unresolved,no,,blocked_unresolved_disabled
nx2512-21-L1031,K4,manufacturing,21,CAM — Hole Making и 2.5-axis Milling,Отверстия,Peck Drilling,Сверление с дроблением,C>T>P>D,manufacturing,1,0,,execute_command,unresolved,no,,blocked_unresolved_disabled
nx2512-21-L1032,K4,manufacturing,21,CAM — Hole Making и 2.5-axis Milling,Отверстия,Deep Hole Drilling,Глубокое сверление,C>T>D>H,manufacturing,1,1,UG_MODELING_HOLE_FEATURE,execute_command,resolved,no,UG_MODELING_HOLE_FEATURE,button_id_present_in_bootstrap_runtime_but_not_traceable_to_885
nx2512-21-L1033,K4,manufacturing,21,CAM — Hole Making и 2.5-axis Milling,Отверстия,Chip Break Drilling,Сверление со стружкодроблением,C>T>C>B,manufacturing,1,0,,execute_command,unresolved,no,,blocked_unresolved_disabled
nx2512-21-L1034,K3,manufacturing,21,CAM — Hole Making и 2.5-axis Milling,Отверстия,Counterboring,Цекование,C>O>C>U,manufacturing,1,0,,execute_command,unresolved,no,,blocked_unresolved_disabled
nx2512-21-L1035,K3,manufacturing,21,CAM — Hole Making и 2.5-axis Milling,Отверстия,Countersinking,Зенкование,C>O>C>N,manufacturing,1,0,,execute_command,unresolved,no,,blocked_unresolved_disabled
nx2512-21-L1036,K3,manufacturing,21,CAM — Hole Making и 2.5-axis Milling,Отверстия,Reaming,Развёртывание,C>O>R>E,manufacturing,1,0,,execute_command,unresolved,no,,blocked_unresolved_disabled
nx2512-21-L1037,K3,manufacturing,21,CAM — Hole Making и 2.5-axis Milling,Отверстия,Boring,Растачивание,C>O>B>O,manufacturing,1,0,,execute_command,unresolved,no,,blocked_unresolved_disabled
nx2512-21-L1038,K3,manufacturing,21,CAM — Hole Making и 2.5-axis Milling,Отверстия,Back Boring,Обратное растачивание,C>O>B>B,manufacturing,1,0,,execute_command,unresolved,no,,blocked_unresolved_disabled
nx2512-21-L1039,K3,manufacturing,21,CAM — Hole Making и 2.5-axis Milling,Отверстия,Tapping,Нарезание резьбы метчиком,C>O>T>A,manufacturing,1,0,,execute_command,unresolved,no,,blocked_unresolved_disabled
nx2512-21-L1040,K4,manufacturing,21,CAM — Hole Making и 2.5-axis Milling,Отверстия,Thread Milling,Резьбофрезерование,C>O>T>M,manufacturing,1,0,,execute_command,unresolved,no,,blocked_unresolved_disabled
nx2512-21-L1041,K4,manufacturing,21,CAM — Hole Making и 2.5-axis Milling,Отверстия,Hole Milling,Фрезерование отверстия,C>O>H>M,manufacturing,1,1,UG_MODELING_HOLE_FEATURE,execute_command,resolved,no,UG_MODELING_HOLE_FEATURE,button_id_present_in_bootstrap_runtime_but_not_traceable_to_885
nx2512-21-L1042,K4,manufacturing,21,CAM — Hole Making и 2.5-axis Milling,Отверстия,Feature-Based Hole Making,Обработка отверстий по элементам,C>O>F>B,manufacturing,1,0,,execute_command,ambiguous,no,,blocked_ambiguous_disabled
nx2512-21-L1043,K4,manufacturing,21,CAM — Hole Making и 2.5-axis Milling,Отверстия,Optimize Hole Order,Оптимизировать порядок отверстий,P>O>O>H,manufacturing,1,1,UG_MODELING_HOLE_FEATURE,execute_command,resolved,no,UG_MODELING_HOLE_FEATURE,button_id_present_in_bootstrap_runtime_but_not_traceable_to_885
nx2512-21-L1046,K4,manufacturing,21,CAM — Hole Making и 2.5-axis Milling,Плоское и призматическое фрезерование,Face Milling,Торцевое фрезерование,C>O>F>M,manufacturing,1,1,UG_SEL_FACE_PRIORITY,set_selection_filter,(none),no,UG_SEL_FACE_PRIORITY,button_id_present_in_bootstrap_runtime_but_not_traceable_to_885
nx2512-21-L1047,K4,manufacturing,21,CAM — Hole Making и 2.5-axis Milling,Плоское и призматическое фрезерование,Planar Milling,Плоское фрезерование,C>O>P>M,manufacturing,1,0,,execute_command,unresolved,no,,blocked_unresolved_disabled
nx2512-21-L1048,K3,manufacturing,21,CAM — Hole Making и 2.5-axis Milling,Плоское и призматическое фрезерование,Floor and Wall,Дно и стенка,C>O>F>W,manufacturing,1,0,,execute_command,unresolved,no,,blocked_unresolved_disabled
nx2512-21-L1049,K4,manufacturing,21,CAM — Hole Making и 2.5-axis Milling,Плоское и призматическое фрезерование,Cavity Milling,Обработка полости,C>O>C>A,manufacturing,1,0,,execute_command,unresolved,no,,blocked_unresolved_disabled
nx2512-21-L1050,K4,manufacturing,21,CAM — Hole Making и 2.5-axis Milling,Плоское и призматическое фрезерование,Pocket Milling,Карман,C>O>P>O,manufacturing,1,0,,execute_command,unresolved,no,,blocked_unresolved_disabled
nx2512-21-L1051,K4,manufacturing,21,CAM — Hole Making и 2.5-axis Milling,Плоское и призматическое фрезерование,Profile Milling,Контур,C>O>P>R,manufacturing,1,0,,execute_command,unresolved,no,,blocked_unresolved_disabled
nx2512-21-L1052,K4,manufacturing,21,CAM — Hole Making и 2.5-axis Milling,Плоское и призматическое фрезерование,Slot Milling,Паз,C>O>S>M,manufacturing,1,0,,execute_command,unresolved,no,,blocked_unresolved_disabled
nx2512-21-L1053,K3,manufacturing,21,CAM — Hole Making и 2.5-axis Milling,Плоское и призматическое фрезерование,Zig,Зиг,C>O>Z>I,manufacturing,1,0,,execute_command,unresolved,no,,blocked_unresolved_disabled
nx2512-21-L1054,K3,manufacturing,21,CAM — Hole Making и 2.5-axis Milling,Плоское и призматическое фрезерование,Zig-Zag,Зигзаг с возвратом,C>O>Z>Z,manufacturing,1,0,,execute_command,unresolved,no,,blocked_unresolved_disabled
nx2512-21-L1055,K3,manufacturing,21,CAM — Hole Making и 2.5-axis Milling,Плоское и призматическое фрезерование,Follow Periphery,По периферии,C>O>F>P,manufacturing,1,0,,execute_command,unresolved,no,,blocked_unresolved_disabled
nx2512-21-L1056,K3,manufacturing,21,CAM — Hole Making и 2.5-axis Milling,Плоское и призматическое фрезерование,Follow Part,По детали,C>G>F>P,manufacturing,1,0,,execute_command,unresolved,no,,blocked_unresolved_disabled
nx2512-21-L1057,K4,manufacturing,21,CAM — Hole Making и 2.5-axis Milling,Плоское и призматическое фрезерование,Trochoidal Milling,Трохоидальное фрезерование,C>O>T>R,manufacturing,1,0,,execute_command,unresolved,no,,blocked_unresolved_disabled
nx2512-21-L1058,K4,manufacturing,21,CAM — Hole Making и 2.5-axis Milling,Плоское и призматическое фрезерование,High Speed Milling,Высокоскоростная обработка,C>O>H>S,manufacturing,1,0,,execute_command,unresolved,no,,blocked_unresolved_disabled
nx2512-21-L1059,K4,manufacturing,21,CAM — Hole Making и 2.5-axis Milling,Плоское и призматическое фрезерование,Volume-Based Milling,Фрезерование по объёму,C>O>V>B,manufacturing,1,0,,execute_command,unresolved,no,,blocked_unresolved_disabled
nx2512-21-L1060,K4,manufacturing,21,CAM — Hole Making и 2.5-axis Milling,Плоское и призматическое фрезерование,Feature-Based Machining,Обработка по элементам,C>O>F>E,manufacturing,1,1,UG_SEL_FEATURE_PRIORITY,set_selection_filter,(none),no,UG_SEL_FEATURE_PRIORITY,button_id_present_in_bootstrap_runtime_but_not_traceable_to_885
nx2512-21-L1061,K3,manufacturing,21,CAM — Hole Making и 2.5-axis Milling,Плоское и призматическое фрезерование,Floor Wall IPW,Дно и стенка по IPW,C>G>F>W,manufacturing,1,0,,execute_command,unresolved,no,,blocked_unresolved_disabled
nx2512-21-L1062,K4,manufacturing,21,CAM — Hole Making и 2.5-axis Milling,Плоское и призматическое фрезерование,Chamfer Milling,Фрезерование фаски,C>O>C>H,manufacturing,1,1,UG_MODELING_CHAMFER_FEATURE,execute_command,resolved,no,UG_MODELING_CHAMFER_FEATURE,button_id_present_in_bootstrap_runtime_but_not_traceable_to_885
nx2512-21-L1063,K3,manufacturing,21,CAM — Hole Making и 2.5-axis Milling,Плоское и призматическое фрезерование,Deburring,Снятие заусенцев,C>O>D>E,manufacturing,1,0,,execute_command,unresolved,no,,blocked_unresolved_disabled
nx2512-21-L1064,K3,manufacturing,21,CAM — Hole Making и 2.5-axis Milling,Плоское и призматическое фрезерование,Engraving,Гравирование,C>O>E>N,manufacturing,1,0,,execute_command,unresolved,no,,blocked_unresolved_disabled
nx2512-22-L1069,K4,manufacturing,22,CAM — 3-axis Freeform Milling,Черновая и чистовая обработка,Cavity Milling,Обработка полости,C>O>C>V,manufacturing,1,0,,execute_command,unresolved,no,,blocked_unresolved_disabled
nx2512-22-L1070,K3,manufacturing,22,CAM — 3-axis Freeform Milling,Черновая и чистовая обработка,3D Adaptive Roughing,Адаптивная черновая,C>O>3>A,manufacturing,1,0,,execute_command,unresolved,no,,blocked_unresolved_disabled
nx2512-22-L1071,K3,manufacturing,22,CAM — 3-axis Freeform Milling,Черновая и чистовая обработка,Z-Level Roughing,Черновая по уровням Z,C>O>Z>L,manufacturing,1,0,,execute_command,unresolved,no,,blocked_unresolved_disabled
nx2512-22-L1072,K4,manufacturing,22,CAM — 3-axis Freeform Milling,Черновая и чистовая обработка,Rest Milling,Дообработка остатка,C>O>R>M,manufacturing,1,0,,execute_command,unresolved,no,,blocked_unresolved_disabled
nx2512-22-L1073,K4,manufacturing,22,CAM — 3-axis Freeform Milling,Черновая и чистовая обработка,Plunge Milling,Врезное фрезерование,C>O>P>L,manufacturing,1,0,,execute_command,unresolved,no,,blocked_unresolved_disabled
nx2512-22-L1074,K3,manufacturing,22,CAM — 3-axis Freeform Milling,Черновая и чистовая обработка,Corner Roughing,Черновая углов,C>O>C>R,manufacturing,1,0,,execute_command,unresolved,no,,blocked_unresolved_disabled
nx2512-22-L1075,K3,manufacturing,22,CAM — 3-axis Freeform Milling,Черновая и чистовая обработка,IPW Rest Roughing,Остаточная черновая по IPW,C>G>I>R,manufacturing,1,0,,execute_command,unresolved,no,,blocked_unresolved_disabled
nx2512-22-L1076,K3,manufacturing,22,CAM — 3-axis Freeform Milling,Черновая и чистовая обработка,Fixed Contour,Фиксированный контур,E>O>F>C,manufacturing,1,0,,execute_command,unresolved,no,,blocked_unresolved_disabled
nx2512-22-L1077,K3,manufacturing,22,CAM — 3-axis Freeform Milling,Черновая и чистовая обработка,Variable Contour,Переменный контур,C>O>V>C,manufacturing,1,0,,execute_command,unresolved,no,,blocked_unresolved_disabled
nx2512-22-L1078,K3,manufacturing,22,CAM — 3-axis Freeform Milling,Черновая и чистовая обработка,Contour Area,Область контура,C>O>C>T,manufacturing,1,0,,execute_command,unresolved,no,,blocked_unresolved_disabled
nx2512-22-L1079,K3,manufacturing,22,CAM — 3-axis Freeform Milling,Черновая и чистовая обработка,Streamline,Потоковая обработка,C>O>S>T,manufacturing,1,0,,execute_command,unresolved,no,,blocked_unresolved_disabled
nx2512-22-L1080,K4,manufacturing,22,CAM — 3-axis Freeform Milling,Черновая и чистовая обработка,Guiding Curves,По направляющим кривым,C>O>G>C,manufacturing,1,0,,execute_command,unresolved,no,,blocked_unresolved_disabled
nx2512-22-L1081,K3,manufacturing,22,CAM — 3-axis Freeform Milling,Черновая и чистовая обработка,Flow Cut,По потоку поверхности,E>O>F>L,manufacturing,1,1,UG_EDIT_CUT,execute_command,resolved,no,,compiled_enabled_not_installed_in_managed_runtime
nx2512-22-L1082,K3,manufacturing,22,CAM — 3-axis Freeform Milling,Черновая и чистовая обработка,Z-Level Finishing,Чистовая по Z,C>O>Z>X,manufacturing,1,0,,execute_command,unresolved,no,,blocked_unresolved_disabled
nx2512-22-L1083,K3,manufacturing,22,CAM — 3-axis Freeform Milling,Черновая и чистовая обработка,Steep and Non-Steep,Крутые и пологие области,C>O>S>N,manufacturing,1,0,,execute_command,unresolved,no,,blocked_unresolved_disabled
nx2512-22-L1084,K3,manufacturing,22,CAM — 3-axis Freeform Milling,Черновая и чистовая обработка,Scallop,Постоянная высота гребешка,C>O>S>C,manufacturing,1,0,,execute_command,unresolved,no,,blocked_unresolved_disabled
nx2512-22-L1085,K3,manufacturing,22,CAM — 3-axis Freeform Milling,Черновая и чистовая обработка,Radial Cut,Радиальная обработка,E>O>R>C,manufacturing,1,1,UG_EDIT_CUT,execute_command,resolved,no,,compiled_enabled_not_installed_in_managed_runtime
nx2512-22-L1086,K3,manufacturing,22,CAM — 3-axis Freeform Milling,Черновая и чистовая обработка,Spiral Cut,Спиральная обработка,E>O>S>C,manufacturing,1,1,UG_EDIT_CUT,execute_command,resolved,no,,compiled_enabled_not_installed_in_managed_runtime
nx2512-22-L1087,K3,manufacturing,22,CAM — 3-axis Freeform Milling,Черновая и чистовая обработка,Corner Finishing,Чистовая углов,C>O>C>F,manufacturing,1,0,,execute_command,unresolved,no,,blocked_unresolved_disabled
nx2512-22-L1088,K4,manufacturing,22,CAM — 3-axis Freeform Milling,Черновая и чистовая обработка,Pencil Milling,Карандашная обработка,C>O>P>E,manufacturing,1,0,,execute_command,unresolved,no,,blocked_unresolved_disabled
nx2512-22-L1089,K3,manufacturing,22,CAM — 3-axis Freeform Milling,Черновая и чистовая обработка,Profile 3D,3D-профиль,C>O>P>3,manufacturing,1,0,,execute_command,unresolved,no,,blocked_unresolved_disabled
nx2512-22-L1090,K4,manufacturing,22,CAM — 3-axis Freeform Milling,Черновая и чистовая обработка,Surface Area Milling,Фрезерование области поверхности,C>O>S>A,manufacturing,1,0,,execute_command,unresolved,no,,blocked_unresolved_disabled
nx2512-22-L1091,K4,manufacturing,22,CAM — 3-axis Freeform Milling,Черновая и чистовая обработка,Optimized Cut Regions,Оптимизированные области резания,P>O>O>C,manufacturing,1,1,UG_EDIT_CUT,execute_command,resolved,no,,compiled_enabled_not_installed_in_managed_runtime
nx2512-22-L1092,K3,manufacturing,22,CAM — 3-axis Freeform Milling,Черновая и чистовая обработка,Specialized Finishing,Специализированная чистовая,C>O>S>F,manufacturing,1,0,,execute_command,unresolved,no,,blocked_unresolved_disabled
nx2512-22-L1093,K3,manufacturing,22,CAM — 3-axis Freeform Milling,Черновая и чистовая обработка,Smooth Connections,Сглаженные переходы,E>O>S>M,manufacturing,1,0,,execute_command,unresolved,no,,blocked_unresolved_disabled
nx2512-23-L1098,K4,manufacturing,23,"CAM — Multi-Axis, Rotary, Turbomachinery",Многоосевая обработка,Variable Axis Contour Milling,Контурное с переменной осью,C>N>V>A,manufacturing,1,0,,execute_command,unresolved,no,,blocked_unresolved_disabled
nx2512-23-L1099,K4,manufacturing,23,"CAM — Multi-Axis, Rotary, Turbomachinery",Многоосевая обработка,Swarf Milling,Обработка боком фрезы,C>N>S>M,manufacturing,1,0,,execute_command,unresolved,no,,blocked_unresolved_disabled
nx2512-23-L1100,K3,manufacturing,23,"CAM — Multi-Axis, Rotary, Turbomachinery",Многоосевая обработка,Multi Blade,Многолопастная обработка,C>N>M>B,manufacturing,1,0,,execute_command,unresolved,no,,blocked_unresolved_disabled
nx2512-23-L1101,K4,manufacturing,23,"CAM — Multi-Axis, Rotary, Turbomachinery",Многоосевая обработка,Tube Milling,Обработка каналов,C>N>T>M,manufacturing,1,0,,execute_command,unresolved,no,,blocked_unresolved_disabled
nx2512-23-L1102,K4,manufacturing,23,"CAM — Multi-Axis, Rotary, Turbomachinery",Многоосевая обработка,Impeller Milling,Обработка импеллера,C>N>I>M,manufacturing,1,0,,execute_command,unresolved,no,,blocked_unresolved_disabled
nx2512-23-L1103,K4,manufacturing,23,"CAM — Multi-Axis, Rotary, Turbomachinery",Многоосевая обработка,Port Milling,Обработка портов,C>N>P>M,manufacturing,1,0,,execute_command,unresolved,no,,blocked_unresolved_disabled
nx2512-23-L1104,K4,manufacturing,23,"CAM — Multi-Axis, Rotary, Turbomachinery",Многоосевая обработка,5-Axis Flank Milling,Пятиосевая боковая,C>N>5>A,manufacturing,1,0,,execute_command,unresolved,no,,blocked_unresolved_disabled
nx2512-23-L1105,K4,manufacturing,23,"CAM — Multi-Axis, Rotary, Turbomachinery",Многоосевая обработка,Guiding Curves 5-Axis,Пять осей по направляющим,C>N>G>C,manufacturing,1,0,,execute_command,unresolved,no,,blocked_unresolved_disabled
nx2512-23-L1106,K4,manufacturing,23,"CAM — Multi-Axis, Rotary, Turbomachinery",Многоосевая обработка,Rotary Milling,Ротационное фрезерование,C>N>R>M,manufacturing,1,0,,execute_command,unresolved,no,,blocked_unresolved_disabled
nx2512-23-L1107,K3,manufacturing,23,"CAM — Multi-Axis, Rotary, Turbomachinery",Многоосевая обработка,Rotary Roughing,Ротационная черновая,C>N>R>R,manufacturing,1,0,,execute_command,unresolved,no,,blocked_unresolved_disabled
nx2512-23-L1108,K3,manufacturing,23,"CAM — Multi-Axis, Rotary, Turbomachinery",Многоосевая обработка,Rotary Finishing,Ротационная чистовая,C>N>R>F,manufacturing,1,0,,execute_command,unresolved,no,,blocked_unresolved_disabled
nx2512-23-L1109,K4,manufacturing,23,"CAM — Multi-Axis, Rotary, Turbomachinery",Многоосевая обработка,Tool Axis Control,Управление осью инструмента,C>T>T>C,manufacturing,1,0,,execute_command,unresolved,no,,blocked_unresolved_disabled
nx2512-23-L1110,K4,manufacturing,23,"CAM — Multi-Axis, Rotary, Turbomachinery",Многоосевая обработка,Tilt Tool Axis,Наклон инструмента,C>T>T>I,manufacturing,1,0,,execute_command,unresolved,no,,blocked_unresolved_disabled
nx2512-23-L1111,K3,manufacturing,23,"CAM — Multi-Axis, Rotary, Turbomachinery",Многоосевая обработка,Lead/Lag,Угол опережения и отставания,C>N>L>L,manufacturing,1,0,,execute_command,unresolved,no,,blocked_unresolved_disabled
nx2512-23-L1112,K4,manufacturing,23,"CAM — Multi-Axis, Rotary, Turbomachinery",Многоосевая обработка,Avoidance Geometry,Геометрия избегания,C>G>A>G,manufacturing,1,0,,execute_command,unresolved,no,,blocked_unresolved_disabled
nx2512-23-L1113,K3,manufacturing,23,"CAM — Multi-Axis, Rotary, Turbomachinery",Многоосевая обработка,Collision Avoidance,Избежание столкновений,C>N>C>A,manufacturing,1,0,,execute_command,unresolved,no,,blocked_unresolved_disabled
nx2512-23-L1114,K4,manufacturing,23,"CAM — Multi-Axis, Rotary, Turbomachinery",Многоосевая обработка,Automatic Tool Axis,Автоматическая ось инструмента,C>T>A>T,manufacturing,1,0,,execute_command,unresolved,no,,blocked_unresolved_disabled
nx2512-23-L1115,K3,manufacturing,23,"CAM — Multi-Axis, Rotary, Turbomachinery",Многоосевая обработка,Blade Finish,Чистовая лопатки,C>N>B>F,manufacturing,1,0,,execute_command,unresolved,no,,blocked_unresolved_disabled
nx2512-23-L1116,K3,manufacturing,23,"CAM — Multi-Axis, Rotary, Turbomachinery",Многоосевая обработка,Hub Finish,Чистовая ступицы,C>N>H>F,manufacturing,1,0,,execute_command,unresolved,no,,blocked_unresolved_disabled
nx2512-23-L1117,K3,manufacturing,23,"CAM — Multi-Axis, Rotary, Turbomachinery",Многоосевая обработка,Fillet Finish,Чистовая галтелей,C>N>F>F,manufacturing,1,0,,execute_command,unresolved,no,,blocked_unresolved_disabled
nx2512-23-L1118,K3,manufacturing,23,"CAM — Multi-Axis, Rotary, Turbomachinery",Многоосевая обработка,Blade Blend,Сопряжение лопатки,C>N>B>B,manufacturing,1,0,,execute_command,unresolved,no,,blocked_unresolved_disabled
nx2512-23-L1119,K3,manufacturing,23,"CAM — Multi-Axis, Rotary, Turbomachinery",Многоосевая обработка,Multi-Axis Deburring,Многоосевое удаление заусенцев,C>N>M>A,manufacturing,1,0,,execute_command,unresolved,no,,blocked_unresolved_disabled
nx2512-23-L1120,K4,manufacturing,23,"CAM — Multi-Axis, Rotary, Turbomachinery",Многоосевая обработка,Geodesic Milling,Геодезическое фрезерование,C>N>G>M,manufacturing,1,0,,execute_command,unresolved,no,,blocked_unresolved_disabled
nx2512-23-L1121,K3,manufacturing,23,"CAM — Multi-Axis, Rotary, Turbomachinery",Многоосевая обработка,Multi-Axis Additive,Многоосевое выращивание,C>N>M>U,manufacturing,1,0,,execute_command,unresolved,no,,blocked_unresolved_disabled
nx2512-24-L1126,K3,manufacturing,24,"CAM — Turning, Mill-Turn, Wire EDM",Токарная и комбинированная обработка,Facing,Торцевание,C>O>F>A,manufacturing,1,0,,execute_command,unresolved,no,,blocked_unresolved_disabled
nx2512-24-L1127,K3,manufacturing,24,"CAM — Turning, Mill-Turn, Wire EDM",Токарная и комбинированная обработка,Rough Turn OD,Наружная черновая,C>O>R>T,manufacturing,1,0,,execute_command,unresolved,no,,blocked_unresolved_disabled
nx2512-24-L1128,K3,manufacturing,24,"CAM — Turning, Mill-Turn, Wire EDM",Токарная и комбинированная обработка,Finish Turn OD,Наружная чистовая,C>O>F>T,manufacturing,1,0,,execute_command,unresolved,no,,blocked_unresolved_disabled
nx2512-24-L1129,K3,manufacturing,24,"CAM — Turning, Mill-Turn, Wire EDM",Токарная и комбинированная обработка,Rough Bore,Внутренняя черновая,C>O>R>B,manufacturing,1,0,,execute_command,unresolved,no,,blocked_unresolved_disabled
nx2512-24-L1130,K3,manufacturing,24,"CAM — Turning, Mill-Turn, Wire EDM",Токарная и комбинированная обработка,Finish Bore,Внутренняя чистовая,C>O>F>I,manufacturing,1,0,,execute_command,unresolved,no,,blocked_unresolved_disabled
nx2512-24-L1131,K3,manufacturing,24,"CAM — Turning, Mill-Turn, Wire EDM",Токарная и комбинированная обработка,Back Turn,Обратное точение,C>O>B>T,manufacturing,1,0,,execute_command,unresolved,no,,blocked_unresolved_disabled
nx2512-24-L1132,K3,manufacturing,24,"CAM — Turning, Mill-Turn, Wire EDM",Токарная и комбинированная обработка,Grooving OD,Наружная канавка,C>O>G>O,manufacturing,1,0,,execute_command,unresolved,no,,blocked_unresolved_disabled
nx2512-24-L1133,K3,manufacturing,24,"CAM — Turning, Mill-Turn, Wire EDM",Токарная и комбинированная обработка,Grooving ID,Внутренняя канавка,C>O>G>I,manufacturing,1,0,,execute_command,unresolved,no,,blocked_unresolved_disabled
nx2512-24-L1134,K3,manufacturing,24,"CAM — Turning, Mill-Turn, Wire EDM",Токарная и комбинированная обработка,Face Grooving,Торцевая канавка,C>O>F>G,manufacturing,1,1,UG_SEL_FACE_PRIORITY,set_selection_filter,(none),no,UG_SEL_FACE_PRIORITY,button_id_present_in_bootstrap_runtime_but_not_traceable_to_885
nx2512-24-L1135,K3,manufacturing,24,"CAM — Turning, Mill-Turn, Wire EDM",Токарная и комбинированная обработка,Parting,Отрезка,C>O>P>A,manufacturing,1,1,UG_MOLD_PARTING,execute_command,resolved,no,UG_MOLD_PARTING,button_id_present_in_bootstrap_runtime_but_not_traceable_to_885
nx2512-24-L1136,K3,manufacturing,24,"CAM — Turning, Mill-Turn, Wire EDM",Токарная и комбинированная обработка,Threading OD,Наружная резьба,C>O>T>O,manufacturing,1,0,,execute_command,unresolved,no,,blocked_unresolved_disabled
nx2512-24-L1137,K3,manufacturing,24,"CAM — Turning, Mill-Turn, Wire EDM",Токарная и комбинированная обработка,Threading ID,Внутренняя резьба,C>O>T>I,manufacturing,1,0,,execute_command,unresolved,no,,blocked_unresolved_disabled
nx2512-24-L1138,K3,manufacturing,24,"CAM — Turning, Mill-Turn, Wire EDM",Токарная и комбинированная обработка,Teach Mode,Обучающий режим,C>O>T>E,manufacturing,1,0,,execute_command,unresolved,no,,blocked_unresolved_disabled
nx2512-24-L1139,K3,manufacturing,24,"CAM — Turning, Mill-Turn, Wire EDM",Токарная и комбинированная обработка,Turn Contour,Токарный контур,C>O>T>C,manufacturing,1,0,,execute_command,unresolved,no,,blocked_unresolved_disabled
nx2512-24-L1140,K4,manufacturing,24,"CAM — Turning, Mill-Turn, Wire EDM",Токарная и комбинированная обработка,Centerline Drilling,Осевое сверление,A>T>C>D,manufacturing,1,0,,execute_command,unresolved,no,,blocked_unresolved_disabled
nx2512-24-L1141,K4,manufacturing,24,"CAM — Turning, Mill-Turn, Wire EDM",Токарная и комбинированная обработка,Create Turning MCS,Токарная СК,C>G>C>T,manufacturing,1,0,,execute_command,unresolved,no,,blocked_unresolved_disabled
nx2512-24-L1142,K3,manufacturing,24,"CAM — Turning, Mill-Turn, Wire EDM",Токарная и комбинированная обработка,Spindle Transfer,Передача между шпинделями,T>O>S>T,manufacturing,1,0,,execute_command,unresolved,no,,blocked_unresolved_disabled
nx2512-24-L1143,K3,manufacturing,24,"CAM — Turning, Mill-Turn, Wire EDM",Токарная и комбинированная обработка,Part Transfer,Передача детали,T>G>P>T,manufacturing,1,0,,execute_command,unresolved,no,,blocked_unresolved_disabled
nx2512-24-L1144,K3,manufacturing,24,"CAM — Turning, Mill-Turn, Wire EDM",Токарная и комбинированная обработка,Sync Manager,Менеджер синхронизации,M>O>S>M,manufacturing,1,0,,execute_command,unresolved,no,,blocked_unresolved_disabled
nx2512-24-L1145,K4,manufacturing,24,"CAM — Turning, Mill-Turn, Wire EDM",Токарная и комбинированная обработка,Channel View,Каналы,V>O>C>V,manufacturing,1,0,,execute_command,unresolved,no,,blocked_unresolved_disabled
nx2512-24-L1146,K3,manufacturing,24,"CAM — Turning, Mill-Turn, Wire EDM",Токарная и комбинированная обработка,Multi-Channel Simulation,Многоканальная симуляция,C>N>M>C,manufacturing,1,1,UG_APP_SFEM,execute_command,resolved,no,,compiled_enabled_not_installed_in_managed_runtime
nx2512-24-L1147,K4,manufacturing,24,"CAM — Turning, Mill-Turn, Wire EDM",Токарная и комбинированная обработка,B-Axis Turning,Точение осью B,C>O>B>A,manufacturing,1,0,,execute_command,unresolved,no,,blocked_unresolved_disabled
nx2512-24-L1148,K4,manufacturing,24,"CAM — Turning, Mill-Turn, Wire EDM",Токарная и комбинированная обработка,Y-Axis Turning,Точение с осью Y,C>O>Y>A,manufacturing,1,0,,execute_command,unresolved,no,,blocked_unresolved_disabled
nx2512-24-L1149,K4,manufacturing,24,"CAM — Turning, Mill-Turn, Wire EDM",Токарная и комбинированная обработка,Polar Milling,Полярное фрезерование,C>O>P>I,manufacturing,1,0,,execute_command,unresolved,no,,blocked_unresolved_disabled
nx2512-24-L1150,K4,manufacturing,24,"CAM — Turning, Mill-Turn, Wire EDM",Токарная и комбинированная обработка,Cylindrical Milling,Цилиндрическое фрезерование,C>O>C>Y,manufacturing,1,0,,execute_command,unresolved,no,,blocked_unresolved_disabled
nx2512-24-L1153,K3,manufacturing,24,"CAM — Turning, Mill-Turn, Wire EDM",Wire EDM,Wire Cut,Проволочная обработка,E>O>W>C,manufacturing,1,1,UG_EDIT_CUT,execute_command,resolved,no,,compiled_enabled_not_installed_in_managed_runtime
nx2512-24-L1154,K3,manufacturing,24,"CAM — Turning, Mill-Turn, Wire EDM",Wire EDM,2-Axis Wire,Двухосевая электроэрозия,C>O>2>A,manufacturing,1,0,,execute_command,unresolved,no,,blocked_unresolved_disabled
nx2512-24-L1155,K3,manufacturing,24,"CAM — Turning, Mill-Turn, Wire EDM",Wire EDM,4-Axis Wire,Четырёхосевая электроэрозия,C>O>4>A,manufacturing,1,0,,execute_command,unresolved,no,,blocked_unresolved_disabled
nx2512-24-L1156,K3,manufacturing,24,"CAM — Turning, Mill-Turn, Wire EDM",Wire EDM,Open Profile,Открытый профиль,C>O>O>E,manufacturing,1,1,UG_FILE_OPEN,execute_command,resolved,no,,compiled_enabled_not_installed_in_managed_runtime
nx2512-24-L1157,K3,manufacturing,24,"CAM — Turning, Mill-Turn, Wire EDM",Wire EDM,Closed Profile,Замкнутый профиль,C>O>C>L,manufacturing,1,0,,execute_command,unresolved,no,,blocked_unresolved_disabled
nx2512-24-L1158,K3,manufacturing,24,"CAM — Turning, Mill-Turn, Wire EDM",Wire EDM,Rough and Trim Passes,Черновые и чистовые проходы,E>O>R>T,manufacturing,1,1,UG_SKETCH_TRIM,execute_command,resolved,no,UG_SKETCH_TRIM,button_id_present_in_bootstrap_runtime_but_not_traceable_to_885
nx2512-24-L1159,K3,manufacturing,24,"CAM — Turning, Mill-Turn, Wire EDM",Wire EDM,Wire Thread Point,Точка заправки,C>O>W>T,manufacturing,1,0,,execute_command,unresolved,no,,blocked_unresolved_disabled
nx2512-24-L1160,K3,manufacturing,24,"CAM — Turning, Mill-Turn, Wire EDM",Wire EDM,No-Core Cutting,Безотходная обработка,E>O>N>C,manufacturing,1,0,,execute_command,unresolved,no,,blocked_unresolved_disabled
nx2512-25-L1165,K4,manufacturing,25,"CAM — Probing, Simulation, Machine Tool Builder и NX 2512",Палпирование и симуляция,Probe Geometry,Геометрия измерения,C>T>P>G,manufacturing,1,0,,execute_command,unresolved,no,,blocked_unresolved_disabled
nx2512-25-L1166,K4,manufacturing,25,"CAM — Probing, Simulation, Machine Tool Builder и NX 2512",Палпирование и симуляция,Measure Point,Измерить точку,I>T>M>P,manufacturing,1,1,UG_INFO_GEOMETRIC_MEASUREMENT,execute_command,resolved,no,UG_INFO_GEOMETRIC_MEASUREMENT,button_id_present_in_bootstrap_runtime_but_not_traceable_to_885
nx2512-25-L1167,K4,manufacturing,25,"CAM — Probing, Simulation, Machine Tool Builder и NX 2512",Палпирование и симуляция,Measure Plane,Измерить плоскость,I>T>M>E,manufacturing,1,1,UG_INFO_GEOMETRIC_MEASUREMENT,execute_command,resolved,no,UG_INFO_GEOMETRIC_MEASUREMENT,button_id_present_in_bootstrap_runtime_but_not_traceable_to_885
nx2512-25-L1168,K4,manufacturing,25,"CAM — Probing, Simulation, Machine Tool Builder и NX 2512",Палпирование и симуляция,Measure Bore,Измерить отверстие,I>T>M>B,manufacturing,1,1,UG_INFO_GEOMETRIC_MEASUREMENT,execute_command,resolved,no,UG_INFO_GEOMETRIC_MEASUREMENT,button_id_present_in_bootstrap_runtime_but_not_traceable_to_885
nx2512-25-L1169,K4,manufacturing,25,"CAM — Probing, Simulation, Machine Tool Builder и NX 2512",Палпирование и симуляция,Measure Boss,Измерить бобышку,I>T>M>A,manufacturing,1,1,UG_INFO_GEOMETRIC_MEASUREMENT,execute_command,resolved,no,UG_INFO_GEOMETRIC_MEASUREMENT,button_id_present_in_bootstrap_runtime_but_not_traceable_to_885
nx2512-25-L1170,K4,manufacturing,25,"CAM — Probing, Simulation, Machine Tool Builder и NX 2512",Палпирование и симуляция,Measure Channel,Измерить паз,I>T>M>C,manufacturing,1,1,UG_INFO_GEOMETRIC_MEASUREMENT,execute_command,resolved,no,UG_INFO_GEOMETRIC_MEASUREMENT,button_id_present_in_bootstrap_runtime_but_not_traceable_to_885
nx2512-25-L1171,K4,manufacturing,25,"CAM — Probing, Simulation, Machine Tool Builder и NX 2512",Палпирование и симуляция,Set Work Offset,Установить смещение детали,T>T>S>W,manufacturing,1,0,,execute_command,unresolved,no,,blocked_unresolved_disabled
nx2512-25-L1172,K4,manufacturing,25,"CAM — Probing, Simulation, Machine Tool Builder и NX 2512",Палпирование и симуляция,Tool Setting,Измерение инструмента,C>T>T>S,manufacturing,1,0,,execute_command,unresolved,no,,blocked_unresolved_disabled
nx2512-25-L1173,K4,manufacturing,25,"CAM — Probing, Simulation, Machine Tool Builder и NX 2512",Палпирование и симуляция,Update Workpiece,Коррекция детали,P>T>U>W,manufacturing,1,0,,execute_command,unresolved,no,,blocked_unresolved_disabled
nx2512-25-L1174,K4,manufacturing,25,"CAM — Probing, Simulation, Machine Tool Builder и NX 2512",Палпирование и симуляция,In-Process Inspection,Контроль в процессе,I>T>P>I,manufacturing,1,0,,execute_command,unresolved,no,,blocked_unresolved_disabled
nx2512-25-L1175,K4,manufacturing,25,"CAM — Probing, Simulation, Machine Tool Builder и NX 2512",Палпирование и симуляция,Machine Tool Builder,Конструктор станка,C>T>M>T,manufacturing,1,0,,execute_command,unresolved,no,,blocked_unresolved_disabled
nx2512-25-L1176,K3,manufacturing,25,"CAM — Probing, Simulation, Machine Tool Builder и NX 2512",Палпирование и симуляция,Machine Kit Wizard,Мастер комплекта станка,C>T>M>K,manufacturing,1,0,,execute_command,unresolved,no,,blocked_unresolved_disabled
nx2512-25-L1177,K3,manufacturing,25,"CAM — Probing, Simulation, Machine Tool Builder и NX 2512",Палпирование и симуляция,Kinematics Tree,Дерево кинематики,C>T>K>T,manufacturing,1,0,,execute_command,unresolved,no,,blocked_unresolved_disabled
nx2512-25-L1178,K4,manufacturing,25,"CAM — Probing, Simulation, Machine Tool Builder и NX 2512",Палпирование и симуляция,Create Axis,Создать ось,C>T>C>A,manufacturing,1,0,,execute_command,unresolved,no,,blocked_unresolved_disabled
nx2512-25-L1179,K3,manufacturing,25,"CAM — Probing, Simulation, Machine Tool Builder и NX 2512",Палпирование и симуляция,Define Junction,Определить соединение,E>T>D>J,manufacturing,1,0,,execute_command,unresolved,no,,blocked_unresolved_disabled
nx2512-25-L1180,K4,manufacturing,25,"CAM — Probing, Simulation, Machine Tool Builder и NX 2512",Палпирование и симуляция,Tool Mount,Посадка инструмента,C>T>T>M,manufacturing,1,0,,execute_command,unresolved,no,,blocked_unresolved_disabled
nx2512-25-L1181,K3,manufacturing,25,"CAM — Probing, Simulation, Machine Tool Builder и NX 2512",Палпирование и симуляция,Part Mount,Посадка детали,C>T>P>M,manufacturing,1,0,,execute_command,unresolved,no,,blocked_unresolved_disabled
nx2512-25-L1182,K3,manufacturing,25,"CAM — Probing, Simulation, Machine Tool Builder и NX 2512",Палпирование и симуляция,Machine Simulation,Симуляция станка,C>T>M>S,manufacturing,1,1,UG_APP_SFEM,execute_command,resolved,no,,compiled_enabled_not_installed_in_managed_runtime
nx2512-25-L1183,K3,manufacturing,25,"CAM — Probing, Simulation, Machine Tool Builder и NX 2512",Палпирование и симуляция,Material Removal,Съём материала,M>T>M>R,manufacturing,1,0,,execute_command,unresolved,no,,blocked_unresolved_disabled
nx2512-25-L1184,K3,manufacturing,25,"CAM — Probing, Simulation, Machine Tool Builder и NX 2512",Палпирование и симуляция,Collision Pair,Пары столкновений,C>T>C>O,manufacturing,1,0,,execute_command,unresolved,no,,blocked_unresolved_disabled
nx2512-25-L1185,K3,manufacturing,25,"CAM — Probing, Simulation, Machine Tool Builder и NX 2512",Палпирование и симуляция,Machine Code Simulation,Симуляция по G-коду,C>T>M>C,manufacturing,1,1,UG_APP_SFEM,execute_command,resolved,no,,compiled_enabled_not_installed_in_managed_runtime
nx2512-25-L1186,K3,manufacturing,25,"CAM — Probing, Simulation, Machine Tool Builder и NX 2512",Палпирование и симуляция,ISV,Интегрированная симуляция,C>T>I>S,manufacturing,1,0,,execute_command,unresolved,no,,blocked_unresolved_disabled
nx2512-25-L1189,K3,manufacturing,25,"CAM — Probing, Simulation, Machine Tool Builder и NX 2512",Новые возможности NX 2512,AI Make Machining Suggestion,ИИ-предложение обработки,E>T>A>M,manufacturing,1,0,,execute_command,unresolved,no,,blocked_unresolved_disabled
nx2512-25-L1190,K4,manufacturing,25,"CAM — Probing, Simulation, Machine Tool Builder и NX 2512",Новые возможности NX 2512,Machine-Aware CAM Operations,Операции с учётом станка,C>T>M>A,manufacturing,1,0,,execute_command,unresolved,no,,blocked_unresolved_disabled
nx2512-25-L1191,K4,manufacturing,25,"CAM — Probing, Simulation, Machine Tool Builder и NX 2512",Новые возможности NX 2512,Fixture Automation,Автоматизация приспособлений,E>T>F>A,manufacturing,1,0,,execute_command,unresolved,no,,blocked_unresolved_disabled
nx2512-25-L1192,K3,manufacturing,25,"CAM — Probing, Simulation, Machine Tool Builder и NX 2512",Новые возможности NX 2512,Integrated Work Holding Device Management,Управление установочными устройствами,C>T>I>W,manufacturing,1,0,,execute_command,unresolved,no,,blocked_unresolved_disabled
nx2512-25-L1193,K4,manufacturing,25,"CAM — Probing, Simulation, Machine Tool Builder и NX 2512",Новые возможности NX 2512,Automatic Fixture Alignment,Автовыравнивание приспособления,T>T>A>F,manufacturing,1,0,,execute_command,unresolved,no,,blocked_unresolved_disabled
nx2512-25-L1194,K3,manufacturing,25,"CAM — Probing, Simulation, Machine Tool Builder и NX 2512",Новые возможности NX 2512,AI-Powered Kinematics Tree Creation,ИИ-создание дерева кинематики,C>T>A>P,manufacturing,1,0,,execute_command,unresolved,no,,blocked_unresolved_disabled
nx2512-25-L1195,K4,manufacturing,25,"CAM — Probing, Simulation, Machine Tool Builder и NX 2512",Новые возможности NX 2512,NX Manufacturing Viewer Extractor,Экспорт интерактивных данных,V>T>N>M,manufacturing,1,1,UG_APP_MANUFACTURING,execute_command,resolved,no,,compiled_enabled_not_installed_in_managed_runtime
nx2512-25-L1196,K4,manufacturing,25,"CAM — Probing, Simulation, Machine Tool Builder и NX 2512",Новые возможности NX 2512,Background Generate,Фоновая генерация,V>T>B>G,manufacturing,1,0,,execute_command,unresolved,no,,blocked_unresolved_disabled
nx2512-26-L1201,K3,manufacturing,26,Additive Manufacturing,"Подготовка, поддержки и траектории",Create Build Setup,Создать построение,C>O>C>B,manufacturing,1,0,,execute_command,unresolved,no,,blocked_unresolved_disabled
nx2512-26-L1208,K3,manufacturing,26,Additive Manufacturing,"Подготовка, поддержки и траектории",Build Volume Check,Проверка объёма,I>O>B>V,manufacturing,1,0,,execute_command,unresolved,no,,blocked_unresolved_disabled
nx2512-26-L1209,K3,manufacturing,26,Additive Manufacturing,"Подготовка, поддержки и траектории",Overhang Analysis,Анализ нависаний,I>O>O>A,manufacturing,1,0,,execute_command,unresolved,no,,blocked_unresolved_disabled
nx2512-26-L1210,K3,manufacturing,26,Additive Manufacturing,"Подготовка, поддержки и траектории",Wall Thickness Check,Проверка толщины,I>O>W>T,manufacturing,1,0,,execute_command,unresolved,no,,blocked_unresolved_disabled
nx2512-26-L1211,K3,manufacturing,26,Additive Manufacturing,"Подготовка, поддержки и траектории",Generate Supports,Создать поддержки,P>O>G>S,manufacturing,1,0,,execute_command,unresolved,no,,blocked_unresolved_disabled
nx2512-26-L1216,K3,manufacturing,26,Additive Manufacturing,"Подготовка, поддержки и траектории",Edit Supports,Редактировать поддержки,E>O>E>S,manufacturing,1,0,,execute_command,unresolved,no,,blocked_unresolved_disabled
nx2512-26-L1219,K3,manufacturing,26,Additive Manufacturing,"Подготовка, поддержки и траектории",Scan Path,Траектория сканирования,C>O>S>P,manufacturing,1,0,,execute_command,unresolved,no,,blocked_unresolved_disabled
nx2512-26-L1223,K3,manufacturing,26,Additive Manufacturing,"Подготовка, поддержки и траектории",3D Deposition Path,3D-траектория наплавки,T>O>3>D,manufacturing,1,0,,execute_command,unresolved,no,,blocked_unresolved_disabled
nx2512-26-L1227,K3,manufacturing,26,Additive Manufacturing,"Подготовка, поддержки и траектории",Post Process Build,Постпроцессирование построения,P>O>P>O,manufacturing,1,0,,execute_command,unresolved,no,,blocked_unresolved_disabled
nx2512-27-L1232,K3,manufacturing,27,CMM Inspection Programming,"Подготовка, измерения и вывод",New Inspection Setup,Новая программа контроля,I>O>N>I,manufacturing,1,1,UG_FILE_NEW,execute_command,resolved,no,,compiled_enabled_not_installed_in_managed_runtime
nx2512-27-L1235,K3,manufacturing,27,CMM Inspection Programming,"Подготовка, измерения и вывод",Create Probe,Создать щуп,I>T>C>P,manufacturing,1,0,,execute_command,unresolved,no,,blocked_unresolved_disabled
nx2512-27-L1236,K3,manufacturing,27,CMM Inspection Programming,"Подготовка, измерения и вывод",Probe Assembly,Сборка щупа,I>T>P>A,manufacturing,1,0,,execute_command,unresolved,no,,blocked_unresolved_disabled
nx2512-27-L1237,K3,manufacturing,27,CMM Inspection Programming,"Подготовка, измерения и вывод",Part Setup,Установка детали,I>G>P>S,manufacturing,1,0,,execute_command,unresolved,no,,blocked_unresolved_disabled
nx2512-27-L1238,K3,manufacturing,27,CMM Inspection Programming,"Подготовка, измерения и вывод",Read PMI,Считать PMI,A>O>R>P,manufacturing,1,1,UG_APP_PMI,execute_command,resolved,no,,compiled_enabled_not_installed_in_managed_runtime
nx2512-27-L1239,K3,manufacturing,27,CMM Inspection Programming,"Подготовка, измерения и вывод",Recognize Features,Распознать элементы,I>O>R>F,manufacturing,1,0,,execute_command,unresolved,no,,blocked_unresolved_disabled
nx2512-27-L1240,K3,manufacturing,27,CMM Inspection Programming,"Подготовка, измерения и вывод",Measure Plane,Измерить плоскость,I>O>M>P,manufacturing,1,1,UG_INFO_GEOMETRIC_MEASUREMENT,execute_command,resolved,no,UG_INFO_GEOMETRIC_MEASUREMENT,button_id_present_in_bootstrap_runtime_but_not_traceable_to_885
nx2512-27-L1241,K3,manufacturing,27,CMM Inspection Programming,"Подготовка, измерения и вывод",Measure Line,Измерить линию,I>O>M>L,manufacturing,1,1,UG_INFO_GEOMETRIC_MEASUREMENT,execute_command,resolved,no,UG_INFO_GEOMETRIC_MEASUREMENT,button_id_present_in_bootstrap_runtime_but_not_traceable_to_885
nx2512-27-L1242,K3,manufacturing,27,CMM Inspection Programming,"Подготовка, измерения и вывод",Measure Circle,Измерить окружность,I>O>M>C,manufacturing,1,1,UG_INFO_GEOMETRIC_MEASUREMENT,execute_command,resolved,no,UG_INFO_GEOMETRIC_MEASUREMENT,button_id_present_in_bootstrap_runtime_but_not_traceable_to_885
nx2512-27-L1243,K3,manufacturing,27,CMM Inspection Programming,"Подготовка, измерения и вывод",Measure Cylinder,Измерить цилиндр,I>O>M>E,manufacturing,1,1,UG_INFO_GEOMETRIC_MEASUREMENT,execute_command,resolved,no,UG_INFO_GEOMETRIC_MEASUREMENT,button_id_present_in_bootstrap_runtime_but_not_traceable_to_885
nx2512-27-L1244,K3,manufacturing,27,CMM Inspection Programming,"Подготовка, измерения и вывод",Measure Cone,Измерить конус,I>O>M>A,manufacturing,1,1,UG_INFO_GEOMETRIC_MEASUREMENT,execute_command,resolved,no,UG_INFO_GEOMETRIC_MEASUREMENT,button_id_present_in_bootstrap_runtime_but_not_traceable_to_885
nx2512-27-L1245,K3,manufacturing,27,CMM Inspection Programming,"Подготовка, измерения и вывод",Measure Sphere,Измерить сферу,I>O>M>S,manufacturing,1,1,UG_INFO_GEOMETRIC_MEASUREMENT,execute_command,resolved,no,UG_INFO_GEOMETRIC_MEASUREMENT,button_id_present_in_bootstrap_runtime_but_not_traceable_to_885
nx2512-27-L1246,K3,manufacturing,27,CMM Inspection Programming,"Подготовка, измерения и вывод",Measure Slot,Измерить паз,I>O>M>U,manufacturing,1,1,UG_INFO_GEOMETRIC_MEASUREMENT,execute_command,resolved,no,UG_INFO_GEOMETRIC_MEASUREMENT,button_id_present_in_bootstrap_runtime_but_not_traceable_to_885
nx2512-27-L1247,K3,manufacturing,27,CMM Inspection Programming,"Подготовка, измерения и вывод",Measure Surface,Измерить поверхность,I>O>M>R,manufacturing,1,1,UG_INFO_GEOMETRIC_MEASUREMENT,execute_command,resolved,no,UG_INFO_GEOMETRIC_MEASUREMENT,button_id_present_in_bootstrap_runtime_but_not_traceable_to_885
nx2512-27-L1248,K3,manufacturing,27,CMM Inspection Programming,"Подготовка, измерения и вывод",Measure Freeform,Измерить свободную поверхность,I>O>M>F,manufacturing,1,1,UG_INFO_GEOMETRIC_MEASUREMENT,execute_command,resolved,no,UG_INFO_GEOMETRIC_MEASUREMENT,button_id_present_in_bootstrap_runtime_but_not_traceable_to_885
nx2512-27-L1249,K3,manufacturing,27,CMM Inspection Programming,"Подготовка, измерения и вывод",Construct Feature,Построить элемент,I>O>C>F,manufacturing,1,1,UG_SEL_FEATURE_PRIORITY,set_selection_filter,(none),no,UG_SEL_FEATURE_PRIORITY,button_id_present_in_bootstrap_runtime_but_not_traceable_to_885
nx2512-27-L1251,K3,manufacturing,27,CMM Inspection Programming,"Подготовка, измерения и вывод",Generate Inspection Path,Создать траекторию контроля,I>O>G>I,manufacturing,1,0,,execute_command,unresolved,no,,blocked_unresolved_disabled
nx2512-27-L1252,K3,manufacturing,27,CMM Inspection Programming,"Подготовка, измерения и вывод",Optimize Path,Оптимизировать траекторию,I>O>O>P,manufacturing,1,0,,execute_command,unresolved,no,,blocked_unresolved_disabled
nx2512-27-L1254,K3,manufacturing,27,CMM Inspection Programming,"Подготовка, измерения и вывод",Simulate Inspection,Симуляция контроля,I>O>S>I,manufacturing,1,0,,execute_command,unresolved,no,,blocked_unresolved_disabled
nx2512-27-L1255,K3,manufacturing,27,CMM Inspection Programming,"Подготовка, измерения и вывод",Post DMIS,Вывод DMIS,I>O>P>D,manufacturing,1,0,,execute_command,unresolved,no,,blocked_unresolved_disabled
nx2512-27-L1257,K3,manufacturing,27,CMM Inspection Programming,"Подготовка, измерения и вывод",Inspection Report,Отчёт контроля,I>O>I>R,manufacturing,1,0,,execute_command,unresolved,no,,blocked_unresolved_disabled
nx2512-27-L1258,K3,manufacturing,27,CMM Inspection Programming,"Подготовка, измерения и вывод",Export QIF,Экспорт QIF,I>O>E>Q,manufacturing,1,0,,execute_command,unresolved,no,,blocked_unresolved_disabled
nx2512-28-L1264,K3,assembly,28,Line Designer / Factory and Assembly Planning,Компоновка и планирование,Create Line Layout,Создать компоновку линии,C>L>C>L,assembly,1,0,,execute_command,unresolved,no,,blocked_unresolved_disabled
nx2512-28-L1265,K3,assembly,28,Line Designer / Factory and Assembly Planning,Компоновка и планирование,Place Equipment,Разместить оборудование,C>L>P>E,assembly,1,0,,execute_command,unresolved,no,,blocked_unresolved_disabled
nx2512-28-L1266,K3,assembly,28,Line Designer / Factory and Assembly Planning,Компоновка и планирование,Resource Library,Библиотека ресурсов,M>L>R>L,assembly,1,0,,execute_command,unresolved,no,,blocked_unresolved_disabled
nx2512-28-L1275,K3,assembly,28,Line Designer / Factory and Assembly Planning,Компоновка и планирование,Assign Process,Назначить процесс,E>L>A>P,assembly,1,0,,execute_command,unresolved,no,,blocked_unresolved_disabled
nx2512-28-L1276,K3,assembly,28,Line Designer / Factory and Assembly Planning,Компоновка и планирование,Assign Resource,Назначить ресурс,E>L>A>R,assembly,1,0,,execute_command,unresolved,no,,blocked_unresolved_disabled
nx2512-28-L1277,K3,assembly,28,Line Designer / Factory and Assembly Planning,Компоновка и планирование,Operation Balance,Балансировка операций,C>L>O>B,assembly,1,0,,execute_command,unresolved,no,,blocked_unresolved_disabled
nx2512-28-L1283,K3,assembly,28,Line Designer / Factory and Assembly Planning,Компоновка и планирование,Process Simulate Connection,Связь с Process Simulate,P>L>P>S,assembly,1,0,,execute_command,unresolved,no,,blocked_unresolved_disabled
nx2512-29-L1303,K3,assembly,29,Ship Design / судостроительные приложения,Конструкция и производство,Manufacturing Feature,Производственный элемент,C>Y>M>F,assembly,1,0,,execute_command,ambiguous,no,,blocked_ambiguous_disabled
nx2512-29-L1306,K3,assembly,29,Ship Design / судостроительные приложения,Конструкция и производство,Ship Drawing,Судовой чертёж,C>Y>S>D,assembly,1,0,,execute_command,unresolved,no,,blocked_unresolved_disabled
nx2512-30-L1315,K3,global,30,NX Open / Journaling / автоматизация,"Запись, API и интеграция",Edit Journal,Редактировать журнал,E>A>E>J,assembly|drafting|inspect_view|manufacturing|modeling|mold|pmi|reuse|routing|sheet_metal|simulation|sketch|surface,13,0,,execute_command,unresolved,no,,blocked_unresolved_disabled
nx2512-30-L1329,K3,global,30,NX Open / Journaling / автоматизация,"Запись, API и интеграция",User Defined Feature,Пользовательский элемент,F>A>U>D,assembly|drafting|inspect_view|manufacturing|modeling|mold|pmi|reuse|routing|sheet_metal|simulation|sketch|surface,13,13,UG_SEL_FEATURE_PRIORITY,set_selection_filter,(none),no,UG_SEL_FEATURE_PRIORITY,button_id_present_in_bootstrap_runtime_but_not_traceable_to_885
nx2512-30-L1332,K3,global,30,NX Open / Journaling / автоматизация,"Запись, API и интеграция",Export Command List,Экспорт списка команд,F>A>E>C,assembly|drafting|inspect_view|manufacturing|modeling|mold|pmi|reuse|routing|sheet_metal|simulation|sketch|surface,13,0,,execute_command,unresolved,no,,blocked_unresolved_disabled
nx2512-31-L1364,K3,global,31,Administration / Preferences / Customization,"Настройки, интерфейс и стандартизация",Material Library,Библиотека материалов,M>P>M>L,assembly|drafting|inspect_view|manufacturing|modeling|mold|pmi|reuse|routing|sheet_metal|simulation|sketch|surface,13,13,UG_MATERIAL_LIBRARY_MANAGER,execute_command,(none)|resolved,no,UG_MATERIAL_LIBRARY_MANAGER,button_id_present_in_bootstrap_runtime_but_not_traceable_to_885
nx2512-31-L1367,K3,global,31,Administration / Preferences / Customization,"Настройки, интерфейс и стандартизация",Drawing Standards,Стандарты чертежей,M>P>D>S,assembly|drafting|inspect_view|manufacturing|modeling|mold|pmi|reuse|routing|sheet_metal|simulation|sketch|surface,13,0,,execute_command,unresolved,no,,blocked_unresolved_disabled
